site_name,major_category,date,sample_location,sample_count,earliest_sample_time,latest_sample_time,chlorophyll_ugl_mean,chlorophyll_ugl_std,chlorophyll_ugl_min,chlorophyll_ugl_max,chlorophyll_ugl_replicate_count,phycocyanin_ugl_mean,phycocyanin_ugl_std,phycocyanin_ugl_min,phycocyanin_ugl_max,phycocyanin_ugl_replicate_count,phycocyanin_to_chlorophyll_ratio_mean,phycocyanin_to_chlorophyll_ratio_std,phycocyanin_to_chlorophyll_ratio_min,phycocyanin_to_chlorophyll_ratio_max,phycocyanin_to_chlorophyll_ratio_replicate_count,sample_depth_feet,water_temperature_c,ph,orp_mv,specific_conductivity_us_cm,dissolved_oxygen_mg_l,turbidity_ntu,x_coordinate,y_coordinate
Cunliff Lake,Category_1,2021-05-18,shore,1,16:15,16:15,2.916667,0.293655,2.58,3.12,3,12.256667,1.144086,11.23,13.49,3,4.206667,0.222785,3.95,4.35,3,0.5,,,,,,,-71.414163,41.777333
Cunliff Lake,Category_1,2021-06-01,shore,1,16:05,16:05,1.61,0,1.61,1.61,1,26.02,0,26.02,26.02,1,16.16,0,16.16,16.16,1,0.5,,,,,,,-71.414141,41.777319
Cunliff Lake,Category_1,2021-06-15,shore,1,16:00,16:00,1.87,0.042426,1.84,1.9,2,22.735,0.869741,22.12,23.35,2,11.905,1.110158,11.12,12.69,2,1,,,,,,,-71.414064,41.777289
Cunliff Lake,Category_1,2021-07-13,shore,1,17:14,17:14,3.166667,0.120554,3.04,3.28,3,30.886667,1.706966,29.52,32.8,3,9.753333,0.410041,9.28,10,3,0.5,,,,,,,-71.414181,41.777159
Cunliff Lake,Category_1,2021-07-27,shore,1,17:07,17:07,1.3,0,1.3,1.3,1,18.01,0,18.01,18.01,1,13.85,0,13.85,13.85,1,0.5,,,,,,,-71.41421,41.777252
Cunliff Lake,Category_1,2021-08-10,shore,1,17:23,17:23,2.17,0,2.17,2.17,1,29.1,0,29.1,29.1,1,13.41,0,13.41,13.41,1,0.5,,,,,,,-71.41422,41.777109
Cunliff Lake,Category_1,2021-08-24,shore,1,16:50,16:50,1.67,0,1.67,1.67,1,42.05,0,42.05,42.05,1,22.48,0,22.48,22.48,1,0.5,,,,,,,-71.414277,41.777217
Cunliff Lake,Category_1,2021-09-07,shore,1,17:15,17:15,1.656667,0.125831,1.54,1.79,3,36.983333,3.497003,33.42,40.41,3,22.3,0.520481,21.7,22.63,3,0.5,,,,,,,-71.413886,41.777128
Cunliff Lake,Category_1,2021-09-21,shore,1,17:20,17:20,1.98,0.339559,1.59,2.21,3,72.05,11.852557,58.9,81.91,3,36.433333,1.068145,35.2,37.06,3,0.5,,,,,,,-71.414024,41.777083
Cunliff Lake,Category_1,2021-10-05,shore,1,16:35,16:35,3.663333,0.441059,3.29,4.15,3,194.4,44.161377,161.04,244.48,3,52.633333,5.464013,48.94,58.91,3,0.5,,,,,,,-71.414275,41.777304
Cunliff Lake,Category_1,2021-10-19,shore,1,17:15,17:15,3.676667,0.395137,3.25,4.03,3,4.066667,2.554845,2.02,6.93,3,1.163333,0.85629,0.5,2.13,3,0.5,,,,,,,-71.413666,41.777267
Cunliff Lake,Category_1,2021-11-02,shore,1,17:45,17:45,4.066667,0.150111,3.92,4.22,3,3.583333,0.92181,2.63,4.47,3,0.87,0.190788,0.67,1.05,3,0.5,,,,,,,-71.413985,41.777231
Cunliff Lake,Category_1,2022-05-03,shore,1,17:30,17:30,1.243333,0.040415,1.22,1.29,3,2.496667,0.594671,1.81,2.84,3,2,0.454313,1.48,2.32,3,0.5,,,,,,,-71.413625,41.777144
Cunliff Lake,Category_1,2022-05-17,shore,1,17:19,17:19,0.623333,0.060277,0.56,0.68,3,0.1,0,0.1,0.1,3,0.156667,0.011547,0.15,0.17,3,0.5,,,,,,,-71.41556,41.786317
Cunliff Lake,Category_1,2022-05-31,shore,1,16:40,16:40,0.556667,0.028868,0.54,0.59,3,0.1,0,0.1,0.1,3,0.173333,0.011547,0.16,0.18,3,0.5,,,,,,,-71.414084,41.777337
Cunliff Lake,Category_1,2022-06-14,shore,1,17:10,17:10,1.39,0.045826,1.34,1.43,3,12.256667,0.894725,11.23,12.87,3,8.833333,0.894893,7.85,9.6,3,0.5,,,,,,,-71.414192,41.777128
Cunliff Lake,Category_1,2022-06-28,shore,1,18:28,18:28,1.336667,0.087369,1.24,1.41,3,14.653333,2.922915,12.67,18.01,3,10.926667,1.741101,9.31,12.77,3,0.5,,,,,,,-71.414138,41.777121
Cunliff Lake,Category_1,2022-07-26,shore,1,18:04,18:04,8.136667,9.615926,2.53,19.24,3,13.513333,9.217859,2.88,19.24,3,5.226667,1.046438,4.03,5.97,3,0.5,,,,,,,-71.414189,41.777137
Cunliff Lake,Category_1,2022-08-23,shore,1,17:15,17:15,3.74,0.137477,3.59,3.86,3,58.35,8.395826,50.68,67.32,3,15.666667,2.853109,13.12,18.75,3,0.5,,,,,,,-71.413638,41.777285
Cunliff Lake,Category_1,2022-09-20,shore,1,17:19,17:19,2.256667,0.166233,2.08,2.41,3,17.66,2.072462,16.36,20.05,3,7.893333,1.520077,6.87,9.64,3,0.5,,,,,,,-71.414205,41.777563
Cunliff Lake,Category_1,2022-10-04,shore,1,16:30,16:30,2.19,0.222711,1.95,2.39,3,29.713333,2.704336,27.67,32.78,3,17.973333,8.472581,12,27.67,3,0.5,,,,,,,-71.414175,41.777236
Cunliff Lake,Category_1,2022-10-18,shore,1,16:30,16:30,2.143333,0.177858,1.94,2.27,3,5.903333,0.736365,5.29,6.72,3,2.396667,0.558957,1.94,3.02,3,0.5,,,,,,,-71.414068,41.777268
Cunliff Lake,Category_1,2024-06-14,shore,1,09:29,09:29,2.266667,0.177858,2.11,2.46,3,25.576667,3.311893,23.42,29.39,3,11.256667,0.722795,10.5,11.94,3,0.3,,,,,,,-71.414186,41.777048
Cunliff Lake,Category_1,2024-06-21,shore,1,09:36,09:36,3.146667,0.015275,3.13,3.16,3,263.886667,6.758641,256.75,270.19,3,83.863333,2.341396,81.25,85.77,3,0.3,,,,,,,-71.414263,41.777273
Cunliff Lake,Category_1,2024-06-28,shore,1,09:32,09:32,2.206667,0.115036,2.09,2.32,3,79.773333,1.431829,78.12,80.6,3,36.193333,1.33665,34.74,37.37,3,0.5,,,,,,,-71.413998,41.777196
Cunliff Lake,Category_1,2024-07-03,shore,1,09:10,09:10,2.3,0.1,2.2,2.4,3,94.52,2.395391,91.79,96.27,3,41.12,0.87983,40.11,41.72,3,0.5,,,,,,,-71.414054,41.777227
Cunliff Lake,Category_1,2024-07-12,shore,1,11:41,11:41,2.203333,0.041633,2.17,2.25,3,31.956667,2.914658,28.64,34.11,3,14.5,1.333679,13.07,15.71,3,0.3,,,,,,,-71.415711,41.778217
Cunliff Lake,Category_1,2024-07-18,shore,1,09:38,09:38,0.65,0.098489,0.54,0.73,3,49.28,15.327665,33.37,63.95,3,74.56,12.907118,61.79,87.6,3,0.3,,,,,,,-71.414222,41.777278
Cunliff Lake,Category_1,2024-07-26,shore,1,11:44,11:44,1.806667,0.065064,1.74,1.87,3,54.743333,7.325069,48.28,62.7,3,30.223333,2.974598,27.74,33.52,3,0.3,,,,,,,-71.413969,41.777216
Cunliff Lake,Category_1,2024-08-01,shore,1,09:16,09:16,2.443333,0.211975,2.25,2.67,3,23.75,0.797935,23.17,24.66,3,9.746667,0.596853,9.23,10.4,3,0.3,,,,,,,-71.415711,41.778217
Cunliff Lake,Category_1,2024-08-15,shore,1,10:26,10:26,2.043333,0.080829,1.95,2.09,3,51.016667,7.753195,43.81,59.22,3,24.906667,3.054445,22.46,28.33,3,0.2,,,,,,,-71.414268,41.777047
Cunliff Lake,Category_1,2024-09-06,shore,1,10:02,10:02,2.52,0.174356,2.4,2.72,3,55.823333,2.615996,53.25,58.48,3,22.256667,2.4477,19.57,24.36,3,0.1,,,,,,,-71.414138,41.777392
Cunliff Lake,Category_1,2024-09-13,shore,1,10:10,10:10,1.636667,0.070946,1.56,1.7,3,45.05,3.346685,41.32,47.79,3,27.61,3.174949,24.3,30.63,3,0.1,,,,,,,-71.414061,41.777277
Cunliff Lake,Category_1,2024-09-19,shore,1,10:40,10:40,2.26,0.149332,2.09,2.37,3,78.533333,6.96108,74.39,86.57,3,34.786667,3.006598,31.46,37.31,3,0.1,,,,,,,-71.414188,41.777344
Cunliff Lake,Category_1,2024-09-26,shore,1,10:00,10:00,15.51,0.196723,15.3,15.69,3,1979.26,21.194959,1966.65,2003.73,3,127.62,1.942087,125.39,128.94,3,0.1,,,,,,,-71.414069,41.777308
Cunliff Lake,Category_1,2024-10-04,shore,1,09:25,09:25,2.463333,0.180093,2.28,2.64,3,86.566667,6.730634,78.86,91.29,3,35.15,1.593393,33.92,36.95,3,0.2,,,,,,,-71.414096,41.777208
Cunliff Lake,Category_1,2024-10-11,shore,1,10:04,10:04,4.066667,0.467582,3.63,4.56,3,2.583333,0.144338,2.5,2.75,3,0.636667,0.105987,0.54,0.75,3,0.1,,,,,,,-71.413729,41.777358
Cunliff Lake,Category_1,2024-10-18,shore,1,09:45,09:45,2.83,0.095394,2.73,2.92,3,4.25,0,4.25,4.25,3,1.496667,0.050332,1.45,1.55,3,0.1,,,,,,,-71.413861,41.777293
Cunliff Lake,Category_1,2024-10-24,shore,1,10:00,10:00,1.67,0.121244,1.6,1.81,3,3.583333,0.381881,3.25,4,3,2.136667,0.092916,2.03,2.2,3,0.1,,,,,,,-71.414088,41.77731
Cunliff Lake,Category_1,2024-10-31,shore,1,09:50,09:50,1.9,0.02,1.88,1.92,3,3.583333,0.381881,3.25,4,3,1.88,0.196977,1.72,2.1,3,0.1,,,,,,,-71.414044,41.777406
Cunliff Lake,Category_1,2025-06-11,shore,1,13:45,13:45,2.686667,0.176163,2.5,2.85,3,6.25,3.122499,3.75,9.75,3,2.283333,1.007588,1.5,3.42,3,0.1,,,,,,,-71.41579,41.77633
Cunliff Lake,Category_1,2025-06-18,shore,1,15:24,15:24,2.166667,0.176163,1.97,2.31,3,4.583333,0.520416,4,5,3,2.13,0.4,1.73,2.53,3,0.1,,,,,,,-71.414019,41.777231
Cunliff Lake,Category_1,2025-06-20,center,1,12:00,12:00,1.426667,0.072342,1.38,1.51,3,6.75,3.269174,3,9,3,4.71,2.279496,2.15,6.52,3,1,24.8,,,473.1,7.75,,-71.411537,41.780676
Cunliff Lake,Category_1,2025-06-26,shore,1,11:18,11:18,2.666667,0.3646,2.34,3.06,3,4.25,0.866025,3.75,5.25,3,1.583333,0.135769,1.44,1.71,3,0.5,,,,,,,-71.414024,41.777237
Cunliff Lake,Category_1,2025-06-27,center,1,12:13,12:13,0.673333,0.083267,0.58,0.74,3,0.89,1.18292,0.1,2.25,3,1.296667,1.670249,0.13,3.21,3,1,26.5,,,487.1,5.2,6.97,-71.411869,41.780591
Cunliff Lake,Category_1,2025-07-01,shore,1,10:38,10:38,1.13,0.121244,0.99,1.2,3,1.666667,0.381881,1.25,2,3,1.503333,0.492172,1.04,2.02,3,0.1,,,,,,,-71.413946,41.777299
Cunliff Lake,Category_1,2025-07-02,center,1,11:53,11:53,1.036667,0.055076,1,1.1,3,7.583333,1.010363,6.5,8.5,3,7.296667,0.690386,6.5,7.72,3,0.1,27.6,,,493.9,5.83,6.15,-71.411984,41.780101
Cunliff Lake,Category_1,2025-07-08,center,1,11:05,11:05,1.303333,0.090738,1.22,1.4,3,10.986667,2.867967,8.25,13.97,3,8.503333,2.478353,5.89,10.82,3,0.1,28.8,,,496.7,7.94,7.5,-71.41256,41.77954
Cunliff Lake,Category_1,2025-07-09,shore,1,11:18,11:18,3.466667,0.251661,3.2,3.7,3,192.39,18.633167,175.64,212.46,3,55.56,4.83599,51.1,60.7,3,0.1,,,,,,,-71.414062,41.777402
Cunliff Lake,Category_1,2025-07-15,shore,1,10:34,10:34,2.44,0.195192,2.24,2.63,3,46.293333,10.569571,34.11,53.01,3,18.83,3.163748,15.22,21.12,3,0.1,,,,,,,-71.414244,41.77733
Cunliff Lake,Category_1,2025-07-16,shore,1,12:12,12:12,3.043333,0.198578,2.82,3.2,3,229.883333,16.733781,216.2,248.54,3,75.543333,2.844439,72.31,77.66,3,0.1,32.1,,,488,13.15,43,-71.414014,41.777432
Cunliff Lake,Category_1,2025-07-24,shore,1,10:08,10:08,2.753333,0.092916,2.65,2.83,3,76.046667,3.242874,72.65,79.11,3,27.633333,1.372674,26.13,28.82,3,0.1,,,,,,,-71.414022,41.777274
Cunliff Lake,Category_1,2025-07-25,shore,1,10:32,10:32,2.706667,0.340196,2.32,2.96,3,65.186667,4.314282,62.45,70.16,3,24.256667,2.423434,22.16,26.91,3,0.1,27.8,8.66,106.9,492,9.28,19.45,-71.413076,41.780414
Cunliff Lake,Category_1,2025-07-29,shore,1,10:17,10:17,3.213333,0.270062,2.94,3.48,3,60.033333,5.04937,55.44,65.44,3,18.85,2.400396,16.08,20.32,3,0.1,,,,,,,-71.413967,41.777207
Cunliff Lake,Category_1,2025-07-30,center,1,11:40,11:40,1.503333,0.124231,1.36,1.58,3,54.83,3.360714,51.51,58.23,3,36.533333,1.678164,34.65,37.87,3,0.1,31,9.14,75.3,490.8,11.58,16.71,-71.413757,41.777338
Cunliff Lake,Category_1,2025-08-04,center,1,11:02,11:02,1.34,0.065574,1.27,1.4,3,51.346667,4.142515,48.03,55.99,3,38.283333,1.526084,37.05,39.99,3,0.1,25.9,8.41,98.4,488.6,9.29,14.22,-71.411984,41.780368
Cunliff Lake,Category_1,2025-08-08,shore,1,11:47,11:47,3.33,0.141067,3.2,3.48,3,266.623333,15.262206,250.53,280.89,3,80.033333,1.522312,78.29,81.1,3,0.1,,,,,,,-71.41416,41.777507
Cunliff Lake,Category_1,2025-08-13,shore,1,13:03,13:03,3.643333,3.400725,1.65,7.57,3,61.036667,9.655011,50,67.92,3,37.683333,3.714301,33.77,41.16,3,0.1,,,,,,,-71.414036,41.777246
Cunliff Lake,Category_1,2025-08-14,center,1,11:38,11:38,1.756667,0.188768,1.55,1.92,3,41.653333,6.551499,34.36,47.04,3,23.62,1.273264,22.16,24.5,3,0.1,28,8.35,172.1,507,8.4,10.03,-71.411559,41.780669
Cunliff Lake,Category_1,2025-08-19,shore,1,11:08,11:08,2.316667,0.086217,2.24,2.41,3,76.296667,4.227178,72.15,80.6,3,32.94,1.844885,31.58,35.04,3,0.1,,,,,,,-71.414157,41.777309
Cunliff Lake,Category_1,2025-08-20,center,1,11:02,11:02,2.463333,0.168622,2.27,2.58,3,49.1,3.75867,44.8,51.76,3,20.806667,2.780725,17.63,22.8,3,0.1,24.4,7.68,153.9,502,7.26,13.26,-71.412069,41.780133
Cunliff Lake,Category_1,2025-08-25,shore,1,10:03,10:03,12.323333,0.826579,11.37,12.84,3,1147.366667,16.480814,1130.13,1162.97,3,93.403333,6.723722,88.56,101.08,3,0.1,,,,,,,-71.41403,41.777315
Cunliff Lake,Category_1,2025-08-27,center,1,12:44,12:44,1.546667,0.037859,1.52,1.59,3,39.986667,7.114748,33.86,47.79,3,29.29,6.278949,22.27,34.37,3,0.1,25,8.63,114.8,496.3,10.04,12.98,-71.41193,41.780117
Cunliff Lake,Category_1,2025-09-02,shore,1,14:34,14:34,1.263333,0.011547,1.25,1.27,3,49.026667,4.335958,46.04,54,3,38.79,3.223166,36.83,42.51,3,0.1,,,,,,,-71.41408,41.777222
Cunliff Lake,Category_1,2025-09-05,center,1,12:49,12:49,1.863333,0.215019,1.68,2.1,3,39.826667,8.962568,32.37,49.77,3,21.266667,3.024853,17.88,23.7,3,0.1,23.9,8.11,124.6,483.6,8.25,10.46,-71.411844,41.780245
Cunliff Lake,Category_1,2025-09-09,shore,1,10:01,10:01,1.953333,0.09609,1.85,2.04,3,66.676667,18.487169,53.5,87.81,3,33.916667,7.91356,28.91,43.04,3,0.1,,,,,,,-71.41402,41.77731
Cunliff Lake,Category_1,2025-09-10,center,1,11:14,11:14,1.713333,0.083865,1.66,1.81,3,18.696667,3.258133,15.22,21.68,3,10.983333,2.370956,8.4,13.06,3,0.1,21.1,7.38,142.8,478.9,8.83,6.65,-71.41178,41.780101
Cunliff Lake,Category_1,2025-09-16,shore,1,10:42,10:42,5.4,0.156205,5.22,5.5,3,567.536667,24.02475,546.39,593.66,3,105.093333,3.047135,102.28,108.33,3,0.1,,,,,,,-71.414086,41.777362
Cunliff Lake,Category_1,2025-09-19,center,1,12:37,12:37,0.653333,0.066583,0.58,0.71,3,1.583333,0.803638,1,2.5,3,2.366667,1.001266,1.72,3.52,3,0.1,22.8,7.26,155.3,474.1,5.3,4.07,-71.411914,41.780412
Cunliff Lake,Category_1,2025-09-22,shore,1,11:05,11:05,9.28,0.81074,8.67,10.2,3,1154.426667,96.689563,1072.9,1261.25,3,124.42,1.256543,123.65,125.87,3,0.1,,,,,,,-71.413993,41.777272
Cunliff Lake,Category_1,2025-09-26,center,1,14:40,14:40,1.74,0.45299,1.26,2.16,3,10.983333,7.092308,4.75,18.7,3,5.893333,2.503884,3.76,8.65,3,0.1,23.1,7.91,124.6,424.8,9.3,5.15,-71.412041,41.780346
Cunliff Lake,Category_1,2025-10-02,center,1,12:20,12:20,1.156667,0.075056,1.08,1.23,3,1.416667,0.288675,1.25,1.75,3,1.22,0.252389,1.01,1.5,3,0.1,19.7,7.36,154.1,409,6.84,4.7,-71.411636,41.780779
Cunliff Lake,Category_1,2025-10-02,shore,1,09:17,09:17,2.54,0.281603,2.33,2.86,3,1.856667,1.592681,0.32,3.5,3,0.726667,0.662747,0.13,1.44,3,0.1,,,,,,,-71.41406,41.777347
Cunliff Lake,Category_1,2025-10-09,shore,1,10:56,10:56,7.62,0.283549,7.4,7.94,3,4,0.433013,3.75,4.5,3,0.52,0.07,0.47,0.6,3,0.1,,,,,,,-71.414143,41.777383
Cunliff Lake,Category_1,2025-10-10,center,1,14:23,14:23,1.926667,0.138684,1.81,2.08,3,7.333333,1.127312,6.25,8.5,3,3.84,0.845044,3,4.69,3,0.1,18.6,8.29,129,400.4,9.98,5.75,-71.411829,41.780363
Cunliff Lake,Category_1,2025-10-15,center,1,11:10,11:10,2.143333,0.275741,1.88,2.43,3,11.483333,3.176513,8,14.22,3,5.373333,1.426055,3.77,6.5,3,0.1,15.2,7.48,144.3,382.1,8.16,6.32,-71.412027,41.780197
Cunliff Lake,Category_1,2025-10-16,shore,1,12:58,12:58,2.61,0.435775,2.16,3.03,3,5.5,1,4.5,6.5,3,2.116667,0.326548,1.81,2.46,3,0.1,,,,,,,-71.413986,41.777263
Cunliff Lake,Category_1,2025-10-23,center,1,10:40,10:40,1.343333,0.167432,1.15,1.44,3,4.25,2.410913,2.5,7,3,3.136667,1.588847,1.73,4.86,3,0.1,14.8,7.37,133.8,378.9,8.04,5.9,-71.411812,41.780346
Cunliff Lake,Category_1,2025-10-23,shore,1,12:47,12:47,1.056667,0.145029,0.91,1.2,3,4.083333,1.607275,2.25,5.25,3,3.9,1.597717,2.12,5.21,3,0.1,,,,,,,-71.413882,41.777212
Cunliff Lake,Category_1,2025-10-29,center,1,14:59,14:59,0.95,0.06245,0.9,1.02,3,2.666667,0.57735,2,3,3,2.836667,0.761205,1.96,3.33,3,0.1,11.6,7.23,146.2,381.1,7.59,4.58,-71.411941,41.780261
Cunliff Lake,Category_1,2025-10-30,shore,1,11:00,11:00,1.063333,0.142244,0.9,1.16,3,10.243333,3.90838,6.76,14.47,3,9.72,3.568151,5.81,12.8,3,0.1,,,,,,,-71.414198,41.777335
Deep Spring Lake,Category_1,2024-06-14,shore,1,09:41,09:41,1.496667,0.081445,1.44,1.59,3,5.106667,1.382618,3.57,6.25,3,3.483333,1.023442,2.35,4.34,3,0.3,,,,,,,-71.414754,41.777775
Deep Spring Lake,Category_1,2024-06-21,shore,1,09:55,09:55,0.813333,0.085049,0.75,0.91,3,6.333333,1.892969,5,8.5,3,7.693333,1.49841,6.41,9.34,3,0.3,,,,,,,-71.415,41.777556
Deep Spring Lake,Category_1,2024-06-28,shore,1,09:49,09:49,1.086667,0.076376,1.02,1.17,3,14.72,1.313431,13.23,15.71,3,13.633333,2.024286,11.3,14.92,3,0.5,,,,,,,-71.414747,41.777853
Deep Spring Lake,Category_1,2024-07-03,shore,1,09:30,09:30,7.653333,0.306159,7.42,8,3,756.893333,17.418572,744.45,776.8,3,98.943333,1.958733,97.1,101,3,0.2,,,,,,,-71.414747,41.777853
Deep Spring Lake,Category_1,2024-07-12,shore,1,11:53,11:53,1.48,0.088882,1.38,1.55,3,22.673333,1.738572,21.43,24.66,3,15.3,1.030582,14.11,15.9,3,0.3,,,,,,,-71.414836,41.777378
Deep Spring Lake,Category_1,2024-07-18,shore,1,09:51,09:51,0.82,0.276225,0.56,1.11,3,8.5,1.299038,7,9.25,3,10.843333,2.21306,8.33,12.5,3,0.3,,,,,,,-71.41475,41.777861
Deep Spring Lake,Category_1,2024-07-26,shore,1,11:52,11:52,2.74,0.345977,2.47,3.13,3,16.98,1.996923,14.79,18.7,3,6.323333,1.337024,4.78,7.13,3,0.3,,,,,,,-71.41475,41.777861
Deep Spring Lake,Category_1,2024-08-01,shore,1,09:29,09:29,1.9,0.052915,1.86,1.96,3,36.016667,1.616612,34.36,37.59,3,18.946667,0.597188,18.27,19.4,3,0.3,,,,,,,-71.415711,41.778217
Deep Spring Lake,Category_1,2024-08-15,shore,1,10:39,10:39,6.08,0.160935,5.9,6.21,3,571.023333,11.905798,563.06,584.71,3,93.95,2.857324,90.66,95.81,3,0.2,,,,,,,-71.414727,41.777526
Deep Spring Lake,Category_1,2024-08-30,shore,1,10:59,10:59,2.216667,0.179536,2.08,2.42,3,91.543333,5.872941,87.32,98.25,3,41.526667,4.931859,36.08,45.69,3,0.1,,,,,,,-71.414762,41.777564
Deep Spring Lake,Category_1,2024-09-06,shore,1,10:13,10:13,1.92,0.072111,1.84,1.98,3,18.206667,1.562861,16.96,19.96,3,9.46,0.689855,8.93,10.24,3,0.1,,,,,,,-71.414906,41.777458
Deep Spring Lake,Category_1,2024-09-13,shore,1,10:20,10:20,1.816667,0.066583,1.76,1.89,3,74.72,15.720328,64.19,92.79,3,40.943333,7.024787,36.47,49.04,3,0.1,,,,,,,-71.415022,41.778126
Deep Spring Lake,Category_1,2024-09-19,shore,1,10:50,10:50,1.53,0.055678,1.48,1.59,3,27.4,0.25,27.15,27.65,3,17.923333,0.756131,17.07,18.51,3,0.1,,,,,,,-71.414774,41.777914
Deep Spring Lake,Category_1,2024-09-26,shore,1,10:20,10:20,1.476667,0.208167,1.31,1.71,3,38.503333,5.317503,32.37,41.82,3,26.17,3.025839,24.16,29.65,3,0.1,,,,,,,-71.414831,41.777775
Deep Spring Lake,Category_1,2024-10-04,shore,1,09:38,09:38,12.646667,0.072342,12.6,12.73,3,1365.343333,23.72049,1342.87,1390.14,3,107.963333,2.422485,105.48,110.32,3,0.2,,,,,,,-71.41468,41.777851
Deep Spring Lake,Category_1,2024-10-11,shore,1,10:20,10:20,0.95,0.026458,0.92,0.97,3,20.85,2.347744,18.2,22.67,3,21.993333,2.983577,18.76,24.64,3,0.1,,,,,,,-71.414874,41.777417
Deep Spring Lake,Category_1,2024-10-18,shore,1,09:55,09:55,0.743333,0.015275,0.73,0.76,3,4,0.25,3.75,4.25,3,5.383333,0.445234,4.93,5.82,3,0.1,,,,,,,-71.414834,41.777978
Deep Spring Lake,Category_1,2024-10-24,shore,1,10:07,10:07,0.543333,0.015275,0.53,0.56,3,1.666667,0.381881,1.25,2,3,3.083333,0.715705,2.35,3.78,3,0.1,,,,,,,-71.414762,41.777871
Deep Spring Lake,Category_1,2024-10-31,shore,1,09:55,09:55,0.59,0.065574,0.52,0.65,3,0.713333,0.681273,0.32,1.5,3,1.146667,0.999617,0.53,2.3,3,0.1,,,,,,,-71.414881,41.77737
Deep Spring Lake,Category_1,2025-06-11,shore,1,14:00,14:00,1.4,0.476235,1.04,1.94,3,3.333333,0.629153,2.75,4,3,2.586667,1.123492,1.67,3.84,3,0.1,,,,,,,-71.414781,41.778075
Deep Spring Lake,Category_1,2025-06-18,shore,1,15:34,15:34,0.933333,0.090738,0.85,1.03,3,3.583333,0.288675,3.25,3.75,3,3.876667,0.651869,3.15,4.41,3,0.1,,,,,,,-71.414744,41.777863
Deep Spring Lake,Category_1,2025-06-26,shore,1,11:35,11:35,1.696667,0.520513,1.19,2.23,3,1.273333,0.965212,0.32,2.25,3,0.666667,0.375411,0.26,1,3,0.5,,,,,,,-71.414955,41.776704
Deep Spring Lake,Category_1,2025-07-01,shore,1,10:47,10:47,0.676667,0.110151,0.57,0.79,3,0.1,0,0.1,0.1,3,0.14,0.026458,0.12,0.17,3,0.1,,,,,,,-71.415318,41.777521
Deep Spring Lake,Category_1,2025-07-09,shore,1,11:38,11:38,2.376667,0.775199,1.77,3.25,3,3.583333,0.57735,3.25,4.25,3,1.613333,0.538733,1,2.01,3,0.1,,,,,,,-71.415211,41.777151
Deep Spring Lake,Category_1,2025-07-15,shore,1,10:41,10:41,1.026667,0.862342,0.47,2.02,3,1.033333,0.950438,0.1,2,3,1.36,1.754964,0.21,3.38,3,0.1,,,,,,,-71.414724,41.777768
Deep Spring Lake,Category_1,2025-07-24,shore,1,10:17,10:17,0.72,0.08544,0.63,0.8,3,6.743333,4.35546,3.75,11.74,3,9.04,4.883472,5.95,14.67,3,0.1,,,,,,,-71.414959,41.778017
Deep Spring Lake,Category_1,2025-07-29,shore,1,10:22,10:22,0.846667,0.083865,0.75,0.9,3,8.41,3.742566,4.75,12.23,3,9.723333,3.64714,6.33,13.58,3,0.1,,,,,,,-71.414698,41.777796
Deep Spring Lake,Category_1,2025-08-08,shore,1,11:54,11:54,2.246667,0.075719,2.16,2.3,3,195.96,5.67757,189.82,201.02,3,87.23,1.36737,85.66,88.16,3,0.1,,,,,,,-71.414816,41.777701
Deep Spring Lake,Category_1,2025-08-13,shore,1,13:06,13:06,1.223333,0.10504,1.12,1.33,3,26.733333,5.976975,20.93,32.87,3,21.81,4.075733,17.15,24.71,3,0.1,,,,,,,-71.414953,41.777219
Deep Spring Lake,Category_1,2025-08-19,shore,1,11:13,11:13,1.776667,0.035119,1.74,1.81,3,26.476667,2.713546,24.91,29.61,3,14.89,1.291666,13.99,16.37,3,0.1,,,,,,,-71.414833,41.777654
Deep Spring Lake,Category_1,2025-08-25,shore,1,10:17,10:17,1.61,0.043589,1.56,1.64,3,19.693333,2.446985,16.96,21.68,3,12.21,1.234139,10.87,13.3,3,0.1,,,,,,,-71.41477,41.777874
Deep Spring Lake,Category_1,2025-09-02,shore,1,14:41,14:41,0.92,0.052915,0.86,0.96,3,10.82,2.685014,7.75,12.73,3,11.846667,3.276497,8.07,13.93,3,0.1,,,,,,,-71.41472,41.777743
Deep Spring Lake,Category_1,2025-09-09,shore,1,10:08,10:08,1.806667,0.075056,1.73,1.88,3,14.553333,3.741154,10.99,18.45,3,8.003333,1.735089,6.35,9.81,3,0.1,,,,,,,-71.414809,41.777745
Deep Spring Lake,Category_1,2025-09-16,shore,1,10:50,10:50,1.783333,0.17673,1.58,1.9,3,17.446667,3.461594,13.46,19.69,3,9.936667,2.699562,7.09,12.46,3,0.1,,,,,,,-71.414799,41.777613
Deep Spring Lake,Category_1,2025-09-22,shore,1,11:15,11:15,1.18,0.108167,1.06,1.27,3,11.153333,3.248112,7.75,14.22,3,9.473333,2.667664,6.4,11.19,3,0.1,,,,,,,-71.414873,41.777485
Deep Spring Lake,Category_1,2025-10-02,shore,1,09:26,09:26,1.37,0.07,1.32,1.45,3,29.716667,5.108897,26.4,35.6,3,21.603333,2.555197,20,24.55,3,0.1,,,,,,,-71.414797,41.777641
Deep Spring Lake,Category_1,2025-10-09,shore,1,11:03,11:03,1.063333,0.109697,0.94,1.15,3,18.78,2.749891,16.21,21.68,3,17.733333,2.629303,14.73,19.62,3,0.1,,,,,,,-71.414858,41.777515
Deep Spring Lake,Category_1,2025-10-16,shore,1,13:05,13:05,0.3,0.03,0.27,0.33,3,2.166667,1.376893,1.25,3.75,3,6.993333,3.786414,4.62,11.36,3,0.1,,,,,,,-71.414842,41.777565
Deep Spring Lake,Category_1,2025-10-23,shore,1,12:50,12:50,0.56,0.01,0.55,0.57,3,1.18,0.710141,0.77,2,3,2.116667,1.310623,1.35,3.63,3,0.1,,,,,,,-71.414788,41.777459
Deep Spring Lake,Category_1,2025-10-30,shore,1,11:08,11:08,0.513333,0.023094,0.5,0.54,3,0.1,0,0.1,0.1,3,0.193333,0.011547,0.18,0.2,3,0.1,,,,,,,-71.414827,41.777496
Edgewood Lake,Category_1,2022-06-14,shore,1,17:47,17:47,1.706667,0.197569,1.53,1.92,3,3.586667,0.626285,3.04,4.27,3,2.126667,0.496622,1.58,2.55,3,0.5,,,,,,,-71.414985,41.786485
Edgewood Lake,Category_1,2022-10-04,shore,1,16:53,16:53,2.256667,0.061101,2.19,2.31,3,24.856667,4.558951,20.68,29.72,3,11,1.87518,9.11,12.86,3,0.5,,,,,,,-71.415472,41.786199
Edgewood Lake,Category_1,2025-06-20,center,1,11:51,11:51,1.296667,0.334863,0.91,1.49,3,13.223333,5.703125,7,18.2,3,9.953333,2.394292,7.69,12.46,3,1,25.9,,,471.4,8.15,,-71.405411,41.781966
Edgewood Lake,Category_1,2025-06-27,center,1,11:59,11:59,1.79,0.655744,1.19,2.49,3,1.916667,1.026515,0.77,2.75,3,0.91,0.465081,0.45,1.38,3,1,26.7,,,488.1,5.34,6.7,-71.405175,41.782831
Edgewood Lake,Category_1,2025-07-02,center,1,11:41,11:41,1.713333,0.237978,1.5,1.97,3,7.246667,3.923332,4.5,11.74,3,4.08,1.625946,3,5.95,3,0.1,28,,,469.1,6.59,6.35,-71.405214,41.782341
Edgewood Lake,Category_1,2025-07-08,center,1,10:48,10:48,1.523333,0.061101,1.47,1.59,3,44.72,8.757505,38.59,54.75,3,29.486667,6.714852,25.55,37.24,3,0.1,29.8,,,503.1,6.51,12.9,-71.405573,41.783131
Edgewood Lake,Category_1,2025-07-16,shore,1,12:42,12:42,2.496667,0.100167,2.4,2.6,3,146.193333,13.498868,137.07,161.7,3,58.493333,3.581206,55.04,62.19,3,0.1,31.9,,,477.5,8.28,30,-71.40449,41.783373
Edgewood Lake,Category_1,2025-07-25,shore,1,11:00,11:00,2.706667,0.140475,2.56,2.84,3,133.086667,19.015984,117.41,154.24,3,49.1,5.606746,43.16,54.3,3,0.1,29.2,8.5,133,489,8.53,27.5,-71.404992,41.78401
Edgewood Lake,Category_1,2025-07-30,center,1,12:06,12:06,1.573333,0.136137,1.42,1.68,3,55.246667,6.343598,49.03,61.71,3,35.066667,1.468412,33.95,36.73,3,0.1,32,9.02,107.6,488.7,10.75,13.84,-71.404815,41.783794
Edgewood Lake,Category_1,2025-08-04,center,1,10:46,10:46,2.906667,0.490136,2.41,3.39,3,192.31,78.635588,114.43,271.68,3,64.32,16.353874,47.48,80.14,3,0.1,25.9,8.19,99.8,478.3,9.08,14.35,-71.405232,41.783056
Edgewood Lake,Category_1,2025-08-14,center,1,11:15,11:15,1.73,0.137477,1.61,1.88,3,24.996667,3.854923,22.18,29.39,3,14.983333,3.888114,12.45,19.46,3,0.1,28.9,8.04,109.7,505,7.86,8.06,-71.405356,41.783405
Edgewood Lake,Category_1,2025-08-20,center,1,11:30,11:30,3.896667,0.253246,3.67,4.17,3,46.543333,7.361483,41.57,55,3,12.04,2.618167,9.96,14.98,3,0.1,24.1,7.52,167.1,490.9,7.02,10.32,-71.405214,41.782709
Edgewood Lake,Category_1,2025-08-27,center,1,12:12,12:12,1.59,0.098489,1.51,1.7,3,31.46,5.078632,25.66,35.11,3,19.753333,2.755038,16.99,22.5,3,0.1,24.6,8.2,122.2,484.5,9.23,12.54,-71.405346,41.782757
Edgewood Lake,Category_1,2025-09-05,center,1,12:14,12:14,1.79,0.255147,1.5,1.98,3,28.726667,0.873232,27.9,29.64,3,15.066667,0.371663,14.76,15.48,3,0.1,23.6,7.97,156.7,467.8,5.31,6.02,-71.405149,41.782453
Edgewood Lake,Category_1,2025-09-10,center,1,11:44,11:44,1.276667,0.030551,1.25,1.31,3,8.993333,3.352258,6.25,12.73,3,6.796667,2.228235,5,9.29,3,0.1,20.9,7.13,133.6,453,2.83,3.35,-71.405364,41.782901
Edgewood Lake,Category_1,2025-09-19,center,1,12:18,12:18,0.95,0.03,0.92,0.98,3,7.5,1.952562,5.25,8.75,3,7.89,2.058325,5.52,9.23,3,0.1,23,7.12,151.3,444.7,4.14,2.9,-71.40524,41.782904
Edgewood Lake,Category_1,2025-09-26,center,1,14:05,14:05,1.78,1.47787,0.73,3.47,3,24.826667,0.144338,24.66,24.91,3,21.023333,13.528955,7.1,34.12,3,0.1,22.9,7.05,150,344.4,5.02,2.6,-71.405146,41.782629
Edgewood Lake,Category_1,2025-10-02,center,1,12:55,12:55,0.766667,0.083267,0.7,0.86,3,2.5,0.661438,1.75,3,3,3.253333,0.804322,2.36,3.92,3,0.1,19.8,7.3,148.4,381.6,4.24,3.13,-71.405317,41.783307
Edgewood Lake,Category_1,2025-10-10,center,1,14:17,14:17,1.836667,0.293995,1.51,2.08,3,15.13,3.570308,12.48,19.19,3,8.276667,1.700157,6.59,9.99,3,0.1,17.8,7.97,152.8,398.3,8.05,5.66,-71.405325,41.782434
Edgewood Lake,Category_1,2025-10-15,center,1,10:39,10:39,3.046667,0.556447,2.6,3.67,3,9.746667,0.655769,9.25,10.49,3,3.273333,0.652406,2.52,3.65,3,0.1,15.2,7.37,143.2,372,7.87,6.01,-71.405171,41.782485
Edgewood Lake,Category_1,2025-10-23,center,1,10:35,10:35,1.503333,0.361156,1.16,1.88,3,7.66,4.130291,3.75,11.98,3,4.806667,2.888154,3.05,8.14,3,0.1,15,7.45,148.4,361.5,7.27,5.1,-71.405278,41.782624
Edgewood Lake,Category_1,2025-10-29,center,1,15:30,15:30,0.56,0.065574,0.5,0.63,3,1.833333,0.57735,1.5,2.5,3,3.226667,0.650333,2.72,3.96,3,0.1,11.5,7.1,136.2,380.2,6.12,3.97,-71.405326,41.782829
Elm Lake,Category_1,2021-09-21,shore,1,17:25,17:25,1.643333,0.188768,1.48,1.85,3,61.02,10.641856,54.17,73.28,3,36.986667,2.452964,34.75,39.61,3,0.5,,,,,,,-71.412698,41.773792
Elm Lake,Category_1,2022-05-03,shore,1,17:37,17:37,1.573333,0.030551,1.54,1.6,3,1.54,0.427551,1.2,2.02,3,0.97,0.264575,0.77,1.27,3,0.5,,,,,,,-71.411989,41.773697
Elm Lake,Category_1,2022-05-17,shore,1,17:35,17:35,0.496667,0.005774,0.49,0.5,3,0.1,0,0.1,0.1,3,0.2,0,0.2,0.2,3,0.5,,,,,,,-71.412672,41.773956
Elm Lake,Category_1,2022-05-31,shore,1,16:49,16:49,1.586667,1.178148,0.79,2.94,3,0.1,0,0.1,0.1,3,0.08,0.045826,0.03,0.12,3,0.5,,,,,,,-71.411954,41.773743
Elm Lake,Category_1,2022-06-14,shore,1,17:23,17:23,1.153333,0.023094,1.14,1.18,3,21.843333,1.397367,20.27,22.94,3,18.953333,1.568704,17.17,20.12,3,0.5,,,,,,,-71.412213,41.773861
Elm Lake,Category_1,2022-06-28,shore,2,18:34,18:41,5.251667,4.581753,0.99,9.96,6,549.933333,588.702671,10.82,1125.36,6,63.758333,56.6063,9.67,116.67,6,0.5,,,,,,,-71.412167,41.773985
Elm Lake,Category_1,2022-07-26,shore,1,18:12,18:12,1.526667,0.080208,1.45,1.61,3,47.053333,2.215724,44.52,48.63,3,30.92,2.995046,27.65,33.53,3,0.5,,,,,,,-71.412426,41.773961
Elm Lake,Category_1,2022-08-23,shore,1,17:20,17:20,3.39,0.052915,3.35,3.45,3,110.476667,21.177444,98.15,134.93,3,32.713333,6.54688,28.75,40.27,3,0.5,,,,,,,-71.411987,41.773848
Elm Lake,Category_1,2022-09-20,shore,1,17:28,17:28,2.07,0,2.07,2.07,1,13.08,0,13.08,13.08,1,6.31,0,6.31,6.31,1,0.5,,,,,,,-71.412843,41.773923
Elm Lake,Category_1,2022-10-04,shore,1,16:45,16:45,2.9,0.113578,2.82,3.03,3,26.98,4.856305,21.5,30.75,3,9.3,1.685705,7.54,10.9,3,0.5,,,,,,,-71.412754,41.773894
Elm Lake,Category_1,2022-10-18,shore,1,16:30,16:30,2.033333,0.292632,1.84,2.37,3,12.39,1.595118,10.61,13.69,3,6.11,0.597578,5.76,6.8,3,0.5,,,,,,,-71.412737,41.773882
Elm Lake,Category_1,2025-06-20,center,1,12:25,12:25,0.75,0.086603,0.65,0.8,3,0.1,0,0.1,0.1,3,0.13,0.017321,0.12,0.15,3,1,24.8,,,472.5,7.25,,-71.411514,41.775074
Elm Lake,Category_1,2025-06-27,center,1,12:30,12:30,0.926667,0.005774,0.92,0.93,3,0.55,0.45,0.1,1,3,0.59,0.49,0.1,1.08,3,1,26.9,,,482.9,5.6,3.45,-71.412213,41.774745
Elm Lake,Category_1,2025-07-02,center,1,12:06,12:06,0.73,0.096437,0.66,0.84,3,0.883333,0.992891,0.1,2,3,1.116667,1.147185,0.14,2.38,3,0.1,27.4,,,490.1,5.92,2.32,-71.412252,41.774612
Elm Lake,Category_1,2025-07-08,center,1,11:18,11:18,0.91,0.026458,0.88,0.93,3,7,1.952562,5.75,9.25,3,7.666667,1.988576,6.25,9.94,3,0.1,28.8,,,493.6,7.85,4.1,-71.411496,41.775107
Elm Lake,Category_1,2025-07-16,shore,1,12:30,12:30,5.966667,0.155671,5.82,6.13,3,368.06,8.326218,361.51,377.43,3,61.733333,2.955881,58.97,64.85,3,0.1,30.1,,,484.3,11.48,21.6,-71.411968,41.773876
Elm Lake,Category_1,2025-07-25,shore,1,10:45,10:45,6.656667,0.090185,6.57,6.75,3,562.476667,5.278876,558.83,568.53,3,84.503333,1.346006,82.97,85.49,3,0.1,27.6,8.97,112.1,491.6,10.02,25.5,-71.411897,41.773888
Elm Lake,Category_1,2025-07-30,center,1,11:50,11:50,3.11,0.104403,3.04,3.23,3,195.793333,6.257878,188.58,199.77,3,62.98,2.364255,61.61,65.71,3,0.1,30.2,8.81,99.1,489.2,9.5,14.31,-71.411944,41.773919
Elm Lake,Category_1,2025-08-04,center,1,11:05,11:05,1.296667,0.030551,1.27,1.33,3,53.42,2.168963,51.02,55.24,3,41.23,2.490321,38.36,42.82,3,0.1,25.5,8.54,93.3,486.5,8.88,13,-71.411726,41.774778
Elm Lake,Category_1,2025-08-14,center,1,11:57,11:57,1.31,0.075498,1.24,1.39,3,35.77,3.009053,32.37,38.09,3,27.28,1.124811,26.1,28.34,3,0.1,27.6,8.71,170.7,499,9.34,9.8,-71.411715,41.774842
Elm Lake,Category_1,2025-08-20,center,1,11:14,11:14,1.89,0.121244,1.78,2.02,3,53.59,5.482709,47.54,58.23,3,28.31,1.425167,26.7,29.41,3,0.1,24.3,7.57,148.2,502,6.13,11.18,-71.412112,41.77466
Elm Lake,Category_1,2025-08-27,center,1,12:31,12:31,1.61,0.055678,1.56,1.67,3,39.83,2.800054,38.09,43.06,3,24.76,2.061577,22.8,26.91,3,0.1,24,8.99,88.7,493.9,12.2,15.45,-71.411841,41.774671
Elm Lake,Category_1,2025-09-05,center,1,12:37,12:37,1.69,0.055678,1.64,1.75,3,57.896667,6.058848,51.02,62.45,3,34.343333,4.503436,29.15,37.17,3,0.1,23.4,8.68,96.4,484.3,10.23,12.66,-71.411765,41.774555
Elm Lake,Category_1,2025-09-10,center,1,11:23,11:23,1.52,0.043589,1.49,1.57,3,36.346667,2.373317,33.61,37.84,3,23.903333,1.335378,22.55,25.22,3,0.1,21.5,7.48,141.5,478.3,6.81,6.42,-71.411801,41.774588
Elm Lake,Category_1,2025-09-19,center,1,12:47,12:47,0.866667,0.050332,0.82,0.92,3,4.25,1.520691,2.5,5.25,3,4.91,1.807014,2.9,6.4,3,0.1,23.1,7.32,143.2,474.7,5.7,3.45,-71.411986,41.774749
Elm Lake,Category_1,2025-09-26,center,1,14:30,14:30,1.323333,0.193993,1.1,1.45,3,15.546667,7.756432,10,24.41,3,12.533333,8.329492,6.89,22.1,3,0.1,23.2,7.68,139.2,424.7,8.3,3.4,-71.41204,41.774622
Elm Lake,Category_1,2025-10-02,center,1,12:33,12:33,1.613333,0.051316,1.57,1.67,3,6.573333,7.358236,1.25,14.97,3,4.076667,4.612866,0.79,9.35,3,0.1,20.3,7.48,160.6,414.8,7.61,3.4,-71.41177,41.774769
Elm Lake,Category_1,2025-10-10,center,1,14:32,14:32,1.476667,0.094516,1.37,1.55,3,3.833333,0.144338,3.75,4,3,2.596667,0.125831,2.48,2.73,3,0.1,18.4,7.84,131.3,404,8.87,3.57,-71.411614,41.7747
Elm Lake,Category_1,2025-10-15,center,1,10:54,10:54,1.82,0.360555,1.52,2.22,3,5.666667,1.010363,4.75,6.75,3,3.223333,0.960278,2.13,3.93,3,0.1,15.5,7.5,129.3,387.5,7.89,4.55,-71.41178,41.774692
Elm Lake,Category_1,2025-10-23,center,1,10:53,10:53,1.02,0.134536,0.87,1.13,3,3.916667,0.520416,3.5,4.5,3,3.926667,1.07677,3.3,5.17,3,0.1,14.6,7.38,133.4,380.9,7.31,4.06,-71.411681,41.774604
Elm Lake,Category_1,2025-10-29,center,1,15:11,15:11,0.95,0.091652,0.87,1.05,3,3.666667,3.105774,1.75,7.25,3,3.913333,3.372037,1.66,7.79,3,0.1,12,7.15,148.3,381.1,6.8,3.08,-71.411748,41.774604
Fenner Pond,Category_1,2024-06-14,shore,1,11:16,11:16,0.676667,0.066583,0.62,0.75,3,1.916667,1.154701,1.25,3.25,3,2.743333,1.375403,1.89,4.33,3,0.5,,,,,,,-71.41987,41.77198
Fenner Pond,Category_1,2024-06-21,shore,1,10:35,10:35,0.483333,0.041633,0.45,0.53,3,0.556667,0.610437,0.1,1.25,3,1.18,1.300346,0.18,2.65,3,0.3,,,,,,,-71.420444,41.769833
Fenner Pond,Category_1,2024-06-28,shore,1,10:10,10:10,0.636667,0.015275,0.62,0.65,3,1.416667,0.144338,1.25,1.5,3,2.223333,0.265016,1.92,2.41,3,0.3,,,,,,,-71.420306,41.769944
Fenner Pond,Category_1,2024-07-03,shore,1,10:11,10:11,0.56,0.052915,0.5,0.6,3,1.423333,0.939486,0.77,2.5,3,2.46,1.476347,1.5,4.16,3,0.3,,,,,,,-71.420444,41.769833
Fenner Pond,Category_1,2024-07-12,shore,1,10:30,10:30,0.913333,0.095044,0.82,1.01,3,4,1.887459,2.25,6,3,4.266667,1.605034,2.74,5.94,3,0.3,,,,,,,-71.420444,41.769833
Fenner Pond,Category_1,2024-07-18,shore,1,10:16,10:16,0,0,0,0,3,1.666667,0.946485,1,2.75,3,,,,,0,0.3,,,,,,,-71.420455,41.769842
Fenner Pond,Category_1,2024-07-26,shore,1,09:52,09:52,0.866667,0.195021,0.73,1.09,3,1.666667,0.381881,1.25,2,3,1.976667,0.652406,1.6,2.73,3,0.3,,,,,,,-71.420444,41.769833
Fenner Pond,Category_1,2024-08-01,shore,1,09:58,09:58,0.926667,0.032146,0.89,0.95,3,2.416667,0.144338,2.25,2.5,3,2.606667,0.205994,2.39,2.8,3,0.3,,,,,,,-71.420327,41.769964
Fenner Pond,Category_1,2024-08-15,shore,1,10:58,10:58,1.2,0.045826,1.16,1.25,3,3.833333,1.941863,2.25,6,3,3.163333,1.488635,1.89,4.8,3,0.2,,,,,,,-71.420349,41.769876
Fenner Pond,Category_1,2024-08-30,shore,1,11:15,11:15,1.483333,0.198578,1.34,1.71,3,3.333333,0.763763,2.5,4,3,2.313333,0.777003,1.46,2.98,3,0.1,,,,,,,-71.420295,41.769931
Fenner Pond,Category_1,2024-09-06,shore,1,10:33,10:33,1.193333,0.040415,1.15,1.23,3,6.916667,1.2829,5.5,8,3,5.82,1.254552,4.47,6.95,3,0.1,,,,,,,-71.420237,41.769954
Fenner Pond,Category_1,2024-09-13,shore,1,10:45,10:45,0.85,0.036056,0.82,0.89,3,4.083333,1.506928,2.5,5.5,3,4.753333,1.585949,3.04,6.17,3,0.1,,,,,,,-71.420005,41.773828
Fenner Pond,Category_1,2024-09-19,shore,1,11:24,11:24,1.216667,0.110604,1.1,1.32,3,4.166667,1.626602,2.5,5.75,3,3.383333,1.209352,2.27,4.67,3,0.1,,,,,,,-71.419412,41.770129
Fenner Pond,Category_1,2024-09-26,shore,1,10:36,10:36,3.283333,0.220303,3.03,3.43,3,3.666667,0.520416,3.25,4.25,3,1.123333,0.242143,0.95,1.4,3,0.1,,,,,,,-71.420203,41.769891
Fenner Pond,Category_1,2024-10-04,shore,1,10:01,10:01,1.31,0.079373,1.22,1.37,3,4.416667,2.673169,2.75,7.5,3,3.406667,2.020751,2.23,5.74,3,0.2,,,,,,,-71.420282,41.76985
Fenner Pond,Category_1,2024-10-11,shore,1,11:01,11:01,2.376667,0.092916,2.27,2.44,3,1.666667,0.721688,1.25,2.5,3,0.693333,0.283608,0.51,1.02,3,0.1,,,,,,,-71.419404,41.77019
Fenner Pond,Category_1,2024-10-18,shore,1,10:05,10:05,3.976667,0.770216,3.36,4.84,3,2.416667,0.520416,2,3,3,0.6,0.01,0.59,0.61,3,0.1,,,,,,,-71.419327,41.770272
Fenner Pond,Category_1,2024-10-24,shore,1,10:30,10:30,1.536667,0.102144,1.42,1.61,3,0.63,0.536936,0.32,1.25,3,0.4,0.338083,0.19,0.79,3,0.1,,,,,,,-71.420402,41.770207
Fenner Pond,Category_1,2024-10-31,shore,1,10:25,10:25,1.346667,0.047258,1.31,1.4,3,0.623333,0.345881,0.32,1,3,0.463333,0.267644,0.24,0.76,3,0.1,,,,,,,-71.420227,41.76996
Fenner Pond,Category_1,2025-06-11,shore,1,14:20,14:20,1.776667,0.184481,1.62,1.98,3,2.75,0.5,2.25,3.25,3,1.56,0.383145,1.3,2,3,0.1,,,,,,,-71.420001,41.770262
Fenner Pond,Category_1,2025-06-18,shore,1,13:33,13:33,1.996667,0.185023,1.81,2.18,3,29.883333,2.802719,26.65,31.62,3,14.97,0.633167,14.5,15.69,3,0.1,,,,,,,-71.420246,41.769917
Fenner Pond,Category_1,2025-06-26,shore,1,11:46,11:46,3.393333,0.198578,3.22,3.61,3,0.1,0,0.1,0.1,3,0.03,0,0.03,0.03,3,0.5,,,,,,,-71.420344,41.769871
Fenner Pond,Category_1,2025-07-01,shore,1,11:04,11:04,2.483333,0.170392,2.32,2.66,3,1.666667,0.144338,1.5,1.75,3,0.663333,0.032146,0.64,0.7,3,0.1,,,,,,,-71.41987,41.77198
Fenner Pond,Category_1,2025-07-09,shore,1,11:48,11:48,2.943333,0.193477,2.72,3.06,3,12.73,2.800054,9.5,14.47,3,4.353333,1.111635,3.1,5.22,3,0.1,,,,,,,-71.41987,41.77198
Fenner Pond,Category_1,2025-07-15,shore,1,11:09,11:09,1.343333,0.140119,1.2,1.48,3,2.583333,0.520416,2,3,3,1.903333,0.210792,1.66,2.03,3,0.1,,,,,,,-71.42033,41.769978
Fenner Pond,Category_1,2025-07-24,shore,1,10:39,10:39,0.426667,0.106927,0.36,0.55,3,0.1,0,0.1,0.1,3,0.24,0.051962,0.18,0.27,3,0.1,,,,,,,-71.420139,41.769937
Fenner Pond,Category_1,2025-07-29,shore,1,10:40,10:40,0.363333,0.020817,0.34,0.38,3,0.1,0,0.1,0.1,3,0.273333,0.015275,0.26,0.29,3,0.1,,,,,,,-71.420269,41.769884
Fenner Pond,Category_1,2025-08-13,shore,1,13:50,13:50,0.626667,0.089629,0.57,0.73,3,1.833333,0.763763,1,2.5,3,2.87,0.97,1.75,3.44,3,0.1,,,,,,,-71.420193,41.769923
Fenner Pond,Category_1,2025-08-19,shore,1,11:27,11:27,1.093333,0.15885,0.91,1.19,3,4.583333,2.897556,1.5,7.25,3,3.993333,2.257107,1.64,6.14,3,0.1,,,,,,,-71.419459,41.770484
Fenner Pond,Category_1,2025-08-25,shore,1,10:32,10:32,1.073333,0.378462,0.84,1.51,3,1.006667,0.240069,0.77,1.25,3,1.073333,0.443772,0.6,1.48,3,0.1,,,,,,,-71.420255,41.769911
Fenner Pond,Category_1,2025-09-02,shore,1,15:00,15:00,0.626667,0.037859,0.6,0.67,3,0.323333,0.225019,0.1,0.55,3,0.523333,0.380044,0.14,0.9,3,0.1,,,,,,,-71.420225,41.769979
Fenner Pond,Category_1,2025-09-09,shore,1,10:22,10:22,0.8,0.08544,0.71,0.88,3,1.583333,0.144338,1.5,1.75,3,1.98,0.13,1.85,2.11,3,0.1,,,,,,,-71.420298,41.769912
Fenner Pond,Category_1,2025-09-16,shore,1,11:18,11:18,0.803333,0.032146,0.78,0.84,3,3.666667,0.629153,3,4.25,3,4.543333,0.628517,3.84,5.05,3,0.1,,,,,,,-71.420293,41.769896
Fenner Pond,Category_1,2025-09-22,shore,1,11:30,11:30,0.526667,0.055076,0.47,0.58,3,0.963333,1.114286,0.32,2.25,3,1.823333,2.093904,0.55,4.24,3,0.1,,,,,,,-71.4202,41.769943
Fenner Pond,Category_1,2025-10-02,shore,1,09:45,09:45,1.19,0.098489,1.11,1.3,3,2.5,1.391941,1,3.75,3,2.05,1.028056,0.9,2.88,3,0.1,,,,,,,-71.420184,41.770011
Fenner Pond,Category_1,2025-10-09,shore,1,11:15,11:15,0.716667,0.020817,0.7,0.74,3,0.396667,0.132791,0.32,0.55,3,0.55,0.190788,0.43,0.77,3,0.1,,,,,,,-71.419994,41.769866
Fenner Pond,Category_1,2025-10-16,shore,1,13:17,13:17,0.376667,0.040415,0.33,0.4,3,0.1,0,0.1,0.1,3,0.266667,0.028868,0.25,0.3,3,0.1,,,,,,,-71.420096,41.769867
Fenner Pond,Category_1,2025-10-23,shore,1,13:04,13:04,0.59,0.108167,0.5,0.71,3,1.006667,0.240069,0.77,1.25,3,1.756667,0.64392,1.37,2.5,3,0.1,,,,,,,-71.41991,41.769874
Fenner Pond,Category_1,2025-10-30,shore,1,11:22,11:22,0.74,0.036056,0.7,0.77,3,0.1,0,0.1,0.1,3,0.13,0.01,0.12,0.14,3,0.1,,,,,,,-71.420298,41.769935
Mashapaug Pond,Category_2,2023-06-20,shore,1,14:54,14:54,0.983333,0.119304,0.9,1.12,3,0.1,0,0.1,0.1,3,0.106667,0.015275,0.09,0.12,3,0.2,,,,,,,-71.43253,41.79393
Mashapaug Pond,Category_2,2023-07-21,shore,1,13:02,13:02,0.49,0.03,0.46,0.52,3,12.94,3.112362,9.76,15.98,3,26.213333,4.713113,21.28,30.67,3,0.3,,,,,,,-71.43253,41.79393
Mashapaug Pond,Category_2,2023-07-31,shore,1,13:16,13:16,0.25,0.113578,0.17,0.38,3,9.456667,4.998643,5.7,15.13,3,37.676667,2.145095,35.52,39.81,3,0.2,,,,,,,-71.43253,41.79393
Mashapaug Pond,Category_2,2023-08-15,shore,1,12:51,12:51,0.636667,0.060277,0.58,0.7,3,17.736667,2.802362,14.52,19.65,3,27.773333,2.607687,25.03,30.22,3,0.2,,,,,,,-71.435608,41.793252
Mashapaug Pond,Category_2,2023-09-01,shore,1,12:29,12:29,0.776667,0.055076,0.72,0.83,3,11.846667,1.884312,9.79,13.49,3,15.156667,1.880062,13.5,17.2,3,0.2,,,,,,,-71.43253,41.79393
Mashapaug Pond,Category_2,2023-09-11,shore,1,11:11,11:11,0.49,0.03,0.46,0.52,3,17.873333,1.0153,17.19,19.04,3,36.483333,1.384353,35.04,37.8,3,0.2,,,,,,,-71.43253,41.79393
Mashapaug Pond,Category_2,2023-09-28,shore,1,11:09,11:09,0.37,0.079373,0.28,0.43,3,23.49,0.588897,23.15,24.17,3,61.54,18.427254,48.22,82.57,3,0.2,,,,,,,-71.435494,41.792272
Mashapaug Pond,Category_2,2024-06-14,shore,1,10:07,10:07,0.466667,0.025166,0.44,0.49,3,2.75,0.433013,2.25,3,3,5.903333,1.032198,4.78,6.81,3,0.3,,,,,,,-71.43253,41.79393
Mashapaug Pond,Category_2,2024-06-21,shore,1,11:09,11:09,0.573333,0.005774,0.57,0.58,3,5.416667,1.842779,4,7.5,3,9.446667,3.260097,7.01,13.15,3,0.5,,,,,,,-71.436617,41.794132
Mashapaug Pond,Category_2,2024-06-28,shore,1,10:35,10:35,0.61,0.017321,0.6,0.63,3,4.75,1.732051,3.75,6.75,3,7.736667,2.574982,6.25,10.71,3,0.3,,,,,,,-71.435331,41.793582
Mashapaug Pond,Category_2,2024-07-03,shore,1,11:01,11:01,0.513333,0.028868,0.48,0.53,3,7.25,1.391941,5.75,8.5,3,14.05,2.031846,11.97,16.03,3,0.5,,,,,,,-71.435301,41.793735
Mashapaug Pond,Category_2,2024-07-12,shore,1,08:44,08:44,0.826667,0.085049,0.73,0.89,3,18.283333,0.946485,17.2,18.95,3,22.196667,1.201929,21.29,23.56,3,0.3,,,,,,,-71.435183,41.794057
Mashapaug Pond,Category_2,2024-07-18,shore,1,10:41,10:41,0,0,0,0,3,29.473333,3.482992,25.91,32.87,3,,,,,0,0.3,,,,,,,-71.435361,41.794056
Mashapaug Pond,Category_2,2024-07-26,shore,1,08:38,08:38,1.403333,0.085049,1.32,1.49,3,41.073333,4.475001,36.6,45.55,3,29.27,2.824376,27.56,32.53,3,0.3,,,,,,,-71.435374,41.793314
Mashapaug Pond,Category_2,2024-08-01,shore,1,11:00,11:00,0.676667,0.126623,0.54,0.79,3,12.73,4.556391,8.75,17.7,3,18.456667,3.426899,16.2,22.4,3,0.3,,,,,,,-71.415711,41.778217
Mashapaug Pond,Category_2,2024-08-15,shore,1,11:58,11:58,0.503333,0.055076,0.44,0.54,3,18.116667,2.313208,16.21,20.69,3,36.23,5.395591,30.01,39.65,3,0.2,,,,,,,-71.435267,41.793692
Mashapaug Pond,Category_2,2024-08-30,shore,1,11:46,11:46,0.833333,0.092916,0.77,0.94,3,24.083333,0.282902,23.92,24.41,3,29.096667,2.745002,25.96,31.06,3,0.1,,,,,,,-71.435604,41.793103
Mashapaug Pond,Category_2,2024-09-06,shore,1,10:57,10:57,1.05,0.05,1,1.1,3,25.326667,3.376927,21.43,27.4,3,24.066667,2.389777,21.43,26.09,3,0.1,,,,,,,-71.435263,41.793391
Mashapaug Pond,Category_2,2024-09-13,shore,1,11:10,11:10,1.346667,0.541695,0.99,1.97,3,22.096667,2.655868,20.44,25.16,3,21.75,1.336712,20.89,23.29,3,0.1,,,,,,,-71.435061,41.793961
Mashapaug Pond,Category_2,2024-09-19,shore,1,11:50,11:50,0.826667,0.035119,0.79,0.86,3,12.976667,1.726277,11.98,14.97,3,15.706667,2.103957,13.93,18.03,3,0.1,,,,,,,-71.435139,41.793811
Mashapaug Pond,Category_2,2024-09-26,shore,1,10:55,10:55,3.013333,0.113725,2.92,3.14,3,243.8,50.076058,186.54,279.4,3,80.833333,15.811345,62.61,90.91,3,0.1,,,,,,,-71.43515,41.793847
Mashapaug Pond,Category_2,2024-10-04,shore,1,10:24,10:24,4.28,0.173494,4.09,4.43,3,566.293333,9.455,556.84,575.75,3,132.433333,5.23798,128.89,138.45,3,0.2,,,,,,,-71.43564,41.793135
Mashapaug Pond,Category_2,2024-10-11,shore,1,11:38,11:38,0.566667,0.125831,0.45,0.7,3,9.993333,1.744286,8,11.24,3,17.846667,2.545866,15.34,20.43,3,0.1,,,,,,,-71.433914,41.791058
Mashapaug Pond,Category_2,2024-10-18,shore,1,10:40,10:40,0.88,0.08544,0.8,0.97,3,11.483333,3.348169,7.75,14.22,3,13.05,3.625259,8.9,15.6,3,0.1,,,,,,,-71.435262,41.793338
Mashapaug Pond,Category_2,2024-10-24,shore,1,11:10,11:10,0.576667,0.075056,0.49,0.62,3,6.333333,1.607275,4.5,7.5,3,11.206667,3.597281,7.25,14.28,3,0.1,,,,,,,-71.435456,41.7932
Mashapaug Pond,Category_2,2024-10-31,shore,1,11:05,11:05,0.746667,0.133167,0.6,0.86,3,14.47,3.290182,10.74,16.96,3,19.3,2.120755,17.9,21.74,3,0.1,,,,,,,-71.435403,41.793298
Mashapaug Pond,Category_2,2025-06-11,shore,1,14:46,14:46,1.153333,0.195021,0.93,1.29,3,20.106667,0.381881,19.69,20.44,3,17.766667,2.976446,15.65,21.17,3,0.1,,,,,,,-71.434323,41.789201
Mashapaug Pond,Category_2,2025-06-18,shore,1,14:07,14:07,0.793333,0.051316,0.75,0.85,3,17.536667,1.45349,16.46,19.19,3,21.213333,4.311117,16.96,25.58,3,0.1,,,,,,,-71.435182,41.793895
Mashapaug Pond,Category_2,2025-06-26,shore,1,12:13,12:13,0.383333,0.058595,0.34,0.45,3,7.743333,3.885567,5.5,12.23,3,20.81,12.331598,12.22,34.94,3,0.5,,,,,,,-71.435576,41.79317
Mashapaug Pond,Category_2,2025-07-01,shore,1,11:19,11:19,0.4,0.055678,0.35,0.46,3,5.583333,1.040833,4.75,6.75,3,14.013333,3.088953,11.17,17.3,3,0.1,,,,,,,-71.43253,41.79393
Mashapaug Pond,Category_2,2025-07-09,shore,1,12:07,12:07,0.693333,0.015275,0.68,0.71,3,20.103333,5.703379,16.21,26.65,3,28.893333,7.557859,23.49,37.53,3,0.1,,,,,,,-71.435266,41.793054
Mashapaug Pond,Category_2,2025-07-15,shore,1,11:25,11:25,0.383333,0.058595,0.34,0.45,3,14.636667,3.768771,11.98,18.95,3,37.796667,3.757889,35.23,42.11,3,0.1,,,,,,,-71.435397,41.793258
Mashapaug Pond,Category_2,2025-07-24,shore,1,11:02,11:02,0.213333,0.110604,0.11,0.33,3,11.903333,2.914658,9.75,15.22,3,62.816667,22.673999,46.12,88.63,3,0.1,,,,,,,-71.435462,41.792953
Mashapaug Pond,Category_2,2025-07-29,shore,1,10:57,10:57,0.493333,0.100664,0.4,0.6,3,18.53,0.623859,17.95,19.19,3,38.666667,8.183217,29.91,46.12,3,0.1,,,,,,,-71.435635,41.792994
Mashapaug Pond,Category_2,2025-08-08,shore,1,12:51,12:51,0.533333,0.061101,0.48,0.6,3,16.043333,2.174496,14.22,18.45,3,30.286667,4.894173,25.76,35.48,3,0.1,,,,,,,-71.43496,41.793808
Mashapaug Pond,Category_2,2025-08-13,shore,1,14:44,14:44,0.53,0.06,0.47,0.59,3,5.166667,0.629153,4.5,5.75,3,9.736667,0.165025,9.57,9.9,3,0.1,,,,,,,-71.435366,41.793198
Mashapaug Pond,Category_2,2025-08-19,shore,1,11:45,11:45,0.503333,0.025166,0.48,0.53,3,6.916667,0.144338,6.75,7,3,13.76,0.72581,13.2,14.58,3,0.1,,,,,,,-71.434897,41.794141
Mashapaug Pond,Category_2,2025-08-25,shore,1,10:53,10:53,2.603333,0.187172,2.39,2.74,3,9.08,2.397749,6.5,11.24,3,3.453333,0.740023,2.71,4.19,3,0.1,,,,,,,-71.435498,41.793045
Mashapaug Pond,Category_2,2025-09-02,shore,1,15:23,15:23,1.26,0.065574,1.19,1.32,3,8.583333,1.233221,7.75,10,3,6.853333,1.355815,5.87,8.4,3,0.1,,,,,,,-71.435109,41.793925
Mashapaug Pond,Category_2,2025-09-09,shore,1,10:45,10:45,0.666667,0.056862,0.62,0.73,3,15.546667,1.371143,13.97,16.46,3,23.39,2.43875,21.49,26.14,3,0.1,,,,,,,-71.435615,41.793132
Mashapaug Pond,Category_2,2025-09-16,shore,1,11:40,11:40,0.783333,0.070946,0.72,0.86,3,29.466667,3.664756,26.65,33.61,3,37.543333,1.351382,36.54,39.08,3,0.1,,,,,,,-71.435569,41.793167
Mashapaug Pond,Category_2,2025-09-22,shore,1,11:55,11:55,0,0,0,0,3,3.083333,0.381881,2.75,3.5,3,,,,,0,0.1,,,,,,,-71.435575,41.793107
Mashapaug Pond,Category_2,2025-10-02,shore,1,10:11,10:11,0.566667,0.168028,0.42,0.75,3,15.713333,3.258133,12.73,19.19,3,28.196667,2.401506,25.58,30.3,3,0.1,,,,,,,-71.435541,41.793134
Mashapaug Pond,Category_2,2025-10-09,shore,1,11:33,11:33,0.71,0.115326,0.6,0.83,3,27.563333,0.873232,26.65,28.39,3,39.37,5.106241,34.2,44.41,3,0.1,,,,,,,-71.434954,41.793972
Mashapaug Pond,Category_2,2025-10-16,shore,1,13:38,13:38,0.816667,0.046188,0.79,0.87,3,20.686667,3.107287,18.2,24.17,3,25.573333,2.925241,23.03,28.77,3,0.1,,,,,,,-71.435545,41.793024
Mashapaug Pond,Category_2,2025-10-23,shore,1,13:26,13:26,0.496667,0.087369,0.4,0.57,3,16.706667,0.745006,15.96,17.45,3,34.583333,8.093839,28,43.62,3,0.1,,,,,,,-71.435564,41.793033
Mashapaug Pond,Category_2,2025-10-30,shore,1,11:42,11:42,1.43,1.395027,0.58,3.04,3,45.88,44.930093,19.69,97.76,3,32.113333,2.715186,29.38,34.81,3,0.1,,,,,,,-71.435052,41.793786
Pleasure Lake,Category_1,2021-05-18,shore,1,16:00,16:00,1.29,0.072111,1.23,1.37,3,7.54,1.596621,6.52,9.38,3,5.863333,1.3606,4.75,7.38,3,0.5,,,,,,,-71.407446,41.785381
Pleasure Lake,Category_1,2021-06-01,shore,1,16:05,16:05,12.11,0,12.11,12.11,1,30.95,0,30.95,30.95,1,2.55,0,2.55,2.55,1,0.5,,,,,,,-71.407493,41.785421
Pleasure Lake,Category_1,2021-06-15,shore,1,16:00,16:00,3.84,0,3.84,3.84,1,30.75,0,30.75,30.75,1,8,0,8,8,1,1,,,,,,,-71.40747,41.785432
Pleasure Lake,Category_1,2021-07-13,shore,1,16:45,16:45,1.783333,0.112398,1.66,1.88,3,17.526667,2.935274,14.31,20.06,3,9.883333,1.969678,7.61,11.08,3,0.5,,,,,,,-71.406968,41.784992
Pleasure Lake,Category_1,2021-07-27,shore,1,16:17,16:17,1.39,0,1.39,1.39,1,17.39,0,17.39,17.39,1,12.51,0,12.51,12.51,1,0.5,,,,,,,-71.407414,41.78539
Pleasure Lake,Category_1,2021-08-10,shore,1,17:16,17:16,2.3,0,2.3,2.3,1,24.7,0,24.7,24.7,1,10.77,0,10.77,10.77,1,0.5,,,,,,,-71.407572,41.785598
Pleasure Lake,Category_1,2021-08-24,shore,1,17:01,17:01,2.14,0,2.14,2.14,1,10.2,0,10.2,10.2,1,4.76,0,4.76,4.76,1,0.5,,,,,,,-71.407451,41.785356
Pleasure Lake,Category_1,2021-09-07,shore,1,17:00,17:00,1.19,0.06,1.13,1.25,3,19.38,3.190235,16.78,22.94,3,16.22,1.871336,14.84,18.35,3,0.5,,,,,,,-71.407042,41.785043
Pleasure Lake,Category_1,2021-09-21,shore,1,17:15,17:15,2.336667,0.142244,2.24,2.5,3,13.01,2.06826,10.82,14.93,3,5.55,0.626418,4.83,5.97,3,0.5,,,,,,,-71.406913,41.784947
Pleasure Lake,Category_1,2021-10-05,shore,1,17:00,17:00,2.54,0.145258,2.39,2.68,3,22.12,4.988306,16.36,25,3,8.786667,2.350007,6.1,10.46,3,0.5,,,,,,,-71.407555,41.78561
Pleasure Lake,Category_1,2021-10-19,shore,1,17:00,17:00,2.166667,0.107858,2.09,2.29,3,2.36,0.657951,1.61,2.84,3,1.08,0.285832,0.75,1.25,3,0.5,,,,,,,-71.407475,41.785723
Pleasure Lake,Category_1,2021-11-02,shore,1,16:47,16:47,3.626667,0.110604,3.51,3.73,3,7.88,0.657951,7.13,8.36,3,2.166667,0.130512,2.03,2.29,3,0.5,,,,,,,-71.407436,41.785512
Pleasure Lake,Category_1,2025-06-20,center,1,11:35,11:35,1.536667,0.195533,1.32,1.7,3,9.343333,2.250896,6.75,10.79,3,6.22,2.037376,3.97,7.94,3,1,25,,,475.4,9,,-71.410515,41.785225
Pleasure Lake,Category_1,2025-06-27,center,1,11:42,11:42,1.163333,0.170098,0.97,1.29,3,11.15,5.418201,5,15.22,3,9.256667,3.711083,5.15,12.37,3,1,26.1,,,491.9,6.9,7.9,-71.409724,41.785583
Pleasure Lake,Category_1,2025-07-02,center,1,11:27,11:27,1.273333,0.238607,1,1.44,3,8.243333,3.352258,5.5,11.98,3,6.403333,1.985607,5.03,8.68,3,0.1,27.7,,,501,8.36,5.83,-71.409977,41.785461
Pleasure Lake,Category_1,2025-07-08,center,1,10:33,10:33,1.586667,0.921539,1.02,2.65,3,13.643333,3.948168,11.24,18.2,3,9.476667,2.315347,6.86,11.26,3,0.1,28.6,,,499.8,7.68,8.4,-71.409099,41.785257
Pleasure Lake,Category_1,2025-07-16,center,1,11:30,11:30,1.37,0.1253,1.24,1.49,3,54.746667,9.097804,45.3,63.45,3,39.773333,3.048546,36.53,42.58,3,0.1,30.6,,,468.6,11.68,10.95,-71.412279,41.784901
Pleasure Lake,Category_1,2025-07-25,shore,1,10:18,10:18,2.183333,0.035119,2.15,2.22,3,104.89,5.673843,101.49,111.44,3,48.02,1.918307,46.55,50.19,3,0.1,27.2,8,79.1,489,7.43,19,-71.411975,41.784633
Pleasure Lake,Category_1,2025-07-30,center,1,11:26,11:26,2.126667,0.102632,2.04,2.24,3,110.61,4.943642,106.71,116.17,3,52.023333,1.302702,50.81,53.4,3,0.1,30.7,9.15,47.7,483.2,11.7,17.75,-71.412175,41.784616
Pleasure Lake,Category_1,2025-08-04,center,1,10:32,10:32,1.453333,0.068069,1.4,1.53,3,31.126667,5.213025,26.65,36.85,3,21.35,2.725014,18.63,24.08,3,0.1,25.1,7.58,115.6,481,5.98,9.33,-71.410181,41.785402
Pleasure Lake,Category_1,2025-08-14,center,1,10:55,10:55,1.546667,0.29023,1.25,1.83,3,29.303333,6.164295,24.91,36.35,3,18.953333,1.622632,17.08,19.92,3,0.1,28.2,7.77,178.2,496.3,6.65,7.44,-71.41135,41.785001
Pleasure Lake,Category_1,2025-08-20,center,1,10:01,10:01,5.14,0.434051,4.64,5.42,3,14.306667,0.873232,13.48,15.22,3,2.783333,0.145717,2.62,2.9,3,0.1,23.8,7.42,127.9,483.6,6.61,7.56,-71.410943,41.784981
Pleasure Lake,Category_1,2025-08-27,center,1,12:01,12:01,1.416667,0.085049,1.32,1.48,3,19.69,2.24,17.45,21.93,3,13.99,2.437294,11.79,16.61,3,0.1,24.2,8.27,116,477.3,9.22,9.2,-71.411086,41.785024
Pleasure Lake,Category_1,2025-09-05,center,1,11:58,11:58,2.036667,0.210079,1.83,2.25,3,26.65,5.139621,20.93,30.88,3,13.226667,3.339825,10.31,16.87,3,0.1,23.4,8.02,138,462.2,6.6,3.95,-71.411764,41.784893
Pleasure Lake,Category_1,2025-09-10,center,1,11:03,11:03,2.563333,0.37072,2.18,2.92,3,12.896667,5.031802,9.75,18.7,3,4.636667,1.753891,3.33,6.63,3,0.1,20.9,7.61,137.6,441.1,7.6,5.69,-71.412381,41.784869
Pleasure Lake,Category_1,2025-09-19,center,2,11:57,13:10,3.383333,2.457077,1.08,6.56,6,285.563333,318.492936,3.25,718.08,6,52.441667,53.291439,2.7,109.46,6,0.1,23.1,7.65,133.2,454,8.46,4.62,-71.412135,41.785089
Pleasure Lake,Category_1,2025-09-26,center,1,13:50,13:50,0.603333,0.041633,0.57,0.65,3,13.643333,2.681461,11.74,16.71,3,22.756667,5.184615,18.06,28.32,3,0.1,23,7.16,157.5,336.9,6.02,6.31,-71.41115,41.785004
Pleasure Lake,Category_1,2025-10-02,center,1,12:10,12:10,1.223333,0.20232,0.99,1.35,3,7.833333,1.154701,6.5,8.5,3,6.413333,0.136504,6.29,6.56,3,0.1,19.7,7.59,149.6,403.8,7.78,4.27,-71.411199,41.78492
Pleasure Lake,Category_1,2025-10-10,center,1,13:57,13:57,2.02,0.209523,1.84,2.25,3,14.306667,2.11486,12.73,16.71,3,7.176667,1.665003,5.99,9.08,3,0.1,17.9,8.06,150.2,410.5,9.96,6.58,-71.411567,41.784854
Pleasure Lake,Category_1,2025-10-15,center,1,10:25,10:25,2.036667,0.49521,1.55,2.54,3,10.403333,5.258615,7,16.46,3,4.98,1.510099,3.46,6.48,3,0.1,15.3,7.49,137.7,353.8,8.8,4.62,-71.411082,41.784997
Pleasure Lake,Category_1,2025-10-23,center,1,10:23,10:23,1.88,0.32078,1.6,2.23,3,7.083333,0.288675,6.75,7.25,3,3.85,0.766094,3.02,4.53,3,0.1,14.6,7.54,139.4,373.4,9.06,5.55,-71.411097,41.784976
Pleasure Lake,Category_1,2025-10-29,center,1,14:50,14:50,0.266667,0.035119,0.23,0.3,3,1.1,0.492443,0.55,1.5,3,4.003333,1.410047,2.39,5,3,0.1,11.6,7.32,143.3,397.4,7.82,2.56,-71.41075,41.785061
Polo Lake,Category_1,2021-07-13,shore,1,16:45,16:45,3.09,0.127279,3,3.18,2,38.765,6.102332,34.45,43.08,2,12.51,1.45664,11.48,13.54,2,1,,,,,,,-71.415127,41.786256
Polo Lake,Category_1,2021-07-27,shore,1,17:17,17:17,1.46,0,1.46,1.46,1,10.61,0,10.61,10.61,1,7.26,0,7.26,7.26,1,0.5,,,,,,,-71.41476,41.786206
Polo Lake,Category_1,2022-05-03,shore,1,17:45,17:45,2.16,0.186815,1.96,2.33,3,2.356667,1.031811,1.4,3.45,3,1.153333,0.581836,0.6,1.76,3,0.5,,,,,,,-71.415123,41.786219
Polo Lake,Category_1,2022-05-17,shore,1,17:20,17:20,2.936667,0.055076,2.88,2.99,3,0.1,0,0.1,0.1,3,0.03,0,0.03,0.03,3,0.5,,,,,,,-71.415611,41.786265
Polo Lake,Category_1,2022-05-31,shore,1,16:45,16:45,3.41,0.079373,3.35,3.5,3,0.1,0,0.1,0.1,3,0.02,0,0.02,0.02,3,0.5,,,,,,,-71.415656,41.786282
Polo Lake,Category_1,2022-06-28,shore,1,18:46,18:46,2.35,0.065574,2.28,2.41,3,4.063333,0.20502,3.86,4.27,3,1.726667,0.083865,1.63,1.78,3,0.3,,,,,,,-71.415631,41.786128
Polo Lake,Category_1,2022-07-26,shore,1,18:28,18:28,6.013333,0.075056,5.97,6.1,3,0.1,0,0.1,0.1,3,0.01,0,0.01,0.01,3,0.5,,,,,,,-71.415759,41.786193
Polo Lake,Category_1,2022-08-23,shore,1,17:35,17:35,5.34,0.294618,5.08,5.66,3,8.766667,0.20502,8.56,8.97,3,1.64,0.113578,1.51,1.72,3,0.5,,,,,,,-71.41536,41.786154
Polo Lake,Category_1,2022-09-20,shore,1,17:25,17:25,6.11,0.27074,5.8,6.3,3,48.146667,3.932027,44.93,52.53,3,7.88,0.591523,7.21,8.33,3,0.5,,,,,,,-71.415726,41.786259
Polo Lake,Category_1,2022-10-18,shore,1,17:00,17:00,4.176667,0.215019,3.94,4.36,3,24.243333,1.863983,22.12,25.61,3,5.82,0.665507,5.07,6.34,3,0.5,,,,,,,-71.415646,41.78624
Polo Lake,Category_1,2023-07-31,shore,1,16:31,16:31,2.03,0.017321,2.02,2.05,3,136.713333,7.153701,130.62,144.59,3,67.923333,3.960522,63.71,71.57,3,0.5,,,,,,,-71.415942,41.786347
Polo Lake,Category_1,2024-06-14,shore,1,09:07,09:07,5.353333,0.280238,5.08,5.64,3,6.083333,1.040833,5.25,7.25,3,1.126667,0.134288,1.03,1.28,3,0.3,,,,,,,-71.41537,41.78686
Polo Lake,Category_1,2024-06-21,shore,1,09:15,09:15,2.75,0.052915,2.71,2.81,3,13.97,1.49,12.48,15.46,3,5.076667,0.53799,4.6,5.66,3,0.3,,,,,,,-71.414925,41.786485
Polo Lake,Category_1,2024-06-28,shore,1,09:00,09:00,2.623333,0.110151,2.51,2.73,3,11.49,3.232692,9.5,15.22,3,4.413333,1.426195,3.57,6.06,3,0.5,,,,,,,-71.414929,41.786526
Polo Lake,Category_1,2024-07-03,shore,1,08:52,08:52,3.686667,0.080208,3.61,3.77,3,11.486667,1.509183,9.75,12.48,3,3.116667,0.464794,2.58,3.39,3,0.5,,,,,,,-71.415028,41.786694
Polo Lake,Category_1,2024-07-12,shore,1,11:24,11:24,2.246667,0.135031,2.11,2.38,3,0.1,0,0.1,0.1,3,0.04,0,0.04,0.04,3,0.3,,,,,,,-71.41565,41.786143
Polo Lake,Category_1,2024-07-18,shore,1,09:18,09:18,3.366667,0.145029,3.22,3.51,3,5.916667,1.181454,5,7.25,3,1.763333,0.42336,1.48,2.25,3,0.3,,,,,,,-71.415028,41.786694
Polo Lake,Category_1,2024-07-26,shore,1,11:25,11:25,2.65,0.574195,2.01,3.12,3,17.77,1.443849,16.16,18.95,3,6.206667,0.688065,5.43,6.74,3,0.3,,,,,,,-71.414825,41.786835
Polo Lake,Category_1,2024-08-01,shore,1,09:01,09:01,3.173333,0.159478,2.99,3.28,3,31.376667,3.101682,27.9,33.86,3,9.92,1.370985,8.58,11.32,3,0.3,,,,,,,-71.415548,41.786153
Polo Lake,Category_1,2024-08-15,shore,1,09:58,09:58,4.073333,0.160104,3.91,4.23,3,13.31,2.749891,10.74,16.21,3,3.276667,0.777967,2.63,4.14,3,0.2,,,,,,,-71.415436,41.786145
Polo Lake,Category_1,2024-08-30,shore,1,10:21,10:21,5.533333,0.094516,5.46,5.64,3,92.123333,6.753853,84.33,96.27,3,16.663333,1.483925,14.95,17.54,3,0.1,,,,,,,-71.415863,41.786293
Polo Lake,Category_1,2024-09-06,shore,1,09:40,09:40,4.64,0.04,4.6,4.68,3,21.433333,0.895842,20.44,22.18,3,4.613333,0.15308,4.44,4.73,3,0.1,,,,,,,-71.415008,41.786635
Polo Lake,Category_1,2024-09-13,shore,1,10:00,10:00,1.65,0.363731,1.44,2.07,3,4.666667,1.2829,3.25,5.75,3,2.883333,0.961735,2.25,3.99,3,0.1,,,,,,,-71.414857,41.786838
Polo Lake,Category_1,2024-09-19,shore,1,10:35,10:35,3.806667,0.196044,3.6,3.99,3,13.56,4.130654,9.75,17.95,3,3.523333,0.903567,2.7,4.49,3,0.1,,,,,,,-71.41543,41.786193
Polo Lake,Category_1,2024-09-26,shore,1,09:40,09:40,3.07,0.01,3.06,3.08,3,2.666667,0.144338,2.5,2.75,3,0.863333,0.046188,0.81,0.89,3,0.1,,,,,,,-71.415432,41.786183
Polo Lake,Category_1,2024-10-04,shore,1,09:06,09:06,3.396667,0.228983,3.14,3.58,3,28.393333,10.290444,20.69,40.08,3,8.266667,2.54166,6.58,11.19,3,0.2,,,,,,,-71.415433,41.786132
Polo Lake,Category_1,2024-10-11,shore,1,09:42,09:42,3.636667,0.156312,3.47,3.78,3,5.916667,0.520416,5.5,6.5,3,1.63,0.216333,1.45,1.87,3,0.1,,,,,,,-71.415379,41.786167
Polo Lake,Category_1,2024-10-18,shore,1,09:30,09:30,2.643333,0.110604,2.54,2.76,3,4.416667,0.763763,3.75,5.25,3,1.663333,0.284488,1.47,1.99,3,0.1,,,,,,,-71.415654,41.786222
Polo Lake,Category_1,2024-10-24,shore,1,09:40,09:40,3.836667,0.102632,3.75,3.95,3,56.32,2.50138,54,58.97,3,14.673333,0.435928,14.17,14.93,3,0.1,,,,,,,-71.415461,41.786176
Polo Lake,Category_1,2024-10-31,shore,1,09:35,09:35,3.48,0.20664,3.25,3.65,3,4.666667,1.040833,3.5,5.5,3,1.326667,0.24173,1.07,1.55,3,0.1,,,,,,,-71.41569,41.786267
Polo Lake,Category_1,2025-06-18,shore,1,16:06,16:06,2.12,0.079373,2.06,2.21,3,6.75,0.661438,6,7.25,3,3.18,0.320468,2.87,3.51,3,0.1,,,,,,,-71.415284,41.786151
Polo Lake,Category_1,2025-06-20,center,1,11:11,11:11,1.283333,0.104083,1.2,1.4,3,6.746667,3.244231,4.75,10.49,3,5.15,2.034478,3.8,7.49,3,1,25.9,,,466.9,6.43,,-71.415416,41.787165
Polo Lake,Category_1,2025-06-26,shore,1,11:14,11:14,3.003333,0.158219,2.83,3.14,3,46.79,6.898094,42.56,54.75,3,15.54,1.693606,14.16,17.43,3,0.5,,,,,,,-71.415814,41.786246
Polo Lake,Category_1,2025-06-27,center,1,11:20,11:20,3.443333,0.092376,3.39,3.55,3,253.103333,22.990088,239.83,279.65,3,73.416667,4.636123,70.74,78.77,3,0.1,25.7,,,491.1,4.18,10.2,-71.415394,41.786362
Polo Lake,Category_1,2025-07-01,shore,1,10:10,10:10,0.833333,0.005774,0.83,0.84,3,2.75,0.661438,2,3.25,3,3.29,0.780833,2.4,3.86,3,0.1,,,,,,,-71.415236,41.786789
Polo Lake,Category_1,2025-07-02,center,1,11:10,11:10,1.106667,0.072342,1.06,1.19,3,4.916667,2.126225,2.75,7,3,4.386667,1.678521,2.57,5.88,3,0.1,27.7,,,509,3.84,5.3,-71.415361,41.786453
Polo Lake,Category_1,2025-07-08,center,1,10:15,10:15,6.29,0.18,6.11,6.47,3,3.583333,0.803638,3,4.5,3,0.566667,0.143643,0.46,0.73,3,0.1,29.4,,,502.1,9.06,8.2,-71.415696,41.786661
Polo Lake,Category_1,2025-07-09,shore,1,11:09,11:09,7.17,0.216333,6.93,7.35,3,15.963333,4.335958,10.99,18.95,3,2.21,0.547449,1.58,2.57,3,0.1,,,,,,,-71.415617,41.786281
Polo Lake,Category_1,2025-07-15,shore,1,10:05,10:05,4.286667,0.102144,4.17,4.36,3,63.683333,13.591705,55.2,79.36,3,14.91,3.569426,12.75,19.03,3,0.1,,,,,,,-71.415255,41.786162
Polo Lake,Category_1,2025-07-16,center,1,11:40,11:40,1.733333,0.308923,1.55,2.09,3,0.4,0.519615,0.1,1,3,0.246667,0.340783,0.04,0.64,3,0.1,30.3,,,458.6,8.9,6.15,-71.415444,41.786757
Polo Lake,Category_1,2025-07-24,shore,1,09:55,09:55,2.08,0.052915,2.02,2.12,3,4.25,2.537223,2,7,3,2.023333,1.174067,0.99,3.3,3,0.1,,,,,,,-71.415441,41.786177
Polo Lake,Category_1,2025-07-25,shore,1,10:00,10:00,1.713333,0.076376,1.63,1.78,3,0.26,0.251595,0.1,0.55,3,0.18,0.1253,0.06,0.31,3,0.1,27.2,7.52,128.9,489.9,6.17,8.35,-71.415649,41.786272
Polo Lake,Category_1,2025-07-29,shore,1,10:02,10:02,1.283333,0.196554,1.16,1.51,3,18.116667,7.98907,11.98,27.15,3,12.873333,4.507265,9.45,17.98,3,0.1,,,,,,,-71.415219,41.78616
Polo Lake,Category_1,2025-07-30,center,1,11:08,11:08,1.17,0.157162,0.99,1.28,3,8.66,2.886053,6.75,11.98,3,7.37,1.955479,5.44,9.35,3,0.1,30.3,7.52,-1.5,471.8,6.68,16.4,-71.415429,41.7862
Polo Lake,Category_1,2025-08-04,center,1,10:14,10:14,2.15,0.157162,1.97,2.26,3,1.5,0.433013,1.25,2,3,0.49,0.429302,0.03,0.88,3,0.1,24.8,7.55,235.4,458.8,7.66,7.5,-71.415578,41.786709
Polo Lake,Category_1,2025-08-08,shore,1,11:13,11:13,4.193333,0.367741,3.79,4.51,3,6.833333,1.127312,5.75,8,3,1.62,0.208087,1.49,1.86,3,0.1,,,,,,,-71.415456,41.786177
Polo Lake,Category_1,2025-08-13,shore,1,13:29,13:29,2.64,0.173205,2.54,2.84,3,5.25,1.887459,3.5,7.25,3,1.963333,0.595007,1.37,2.56,3,0.1,,,,,,,-71.415461,41.786158
Polo Lake,Category_1,2025-08-14,center,1,10:27,10:27,2.89,0.14,2.75,3.03,3,6.083333,0.803638,5.5,7,3,2.11,0.381969,1.81,2.54,3,0.1,28.1,7.67,139.2,477.9,7.35,7.84,-71.415577,41.786652
Polo Lake,Category_1,2025-08-19,shore,1,10:49,10:49,6.533333,0.120968,6.44,6.67,3,4.5,0.25,4.25,4.75,3,0.683333,0.050332,0.63,0.73,3,0.1,,,,,,,-71.415641,41.786213
Polo Lake,Category_1,2025-08-20,center,1,10:33,10:33,6.256667,0.230723,6.09,6.52,3,4.666667,0.144338,4.5,4.75,3,0.74,0.026458,0.72,0.77,3,0.1,23.5,7.4,194,464,6.74,7.42,-71.415433,41.786845
Polo Lake,Category_1,2025-08-25,shore,1,09:51,09:51,4.786667,0.8213,3.94,5.58,3,3.416667,0.381881,3,3.75,3,0.716667,0.045092,0.67,0.76,3,0.1,,,,,,,-71.415288,41.786169
Polo Lake,Category_1,2025-08-27,center,1,11:44,11:44,1.846667,0.580201,1.19,2.29,3,5.833333,1.808545,3.75,7,3,2.8,0.918041,1.82,3.64,3,0.1,24.7,8.13,98,452.3,9.07,7.9,-71.415365,41.786834
Polo Lake,Category_1,2025-09-02,shore,1,14:14,14:14,2.13,0.108167,2.04,2.25,3,2.5,0,2.5,2.5,3,1.173333,0.056862,1.11,1.22,3,0.1,,,,,,,-71.415275,41.786104
Polo Lake,Category_1,2025-09-05,center,1,11:41,11:41,3.066667,0.232881,2.8,3.23,3,3.75,0.661438,3.25,4.5,3,1.233333,0.321455,1,1.6,3,0.1,23.9,7.94,119.7,432.9,8.74,5.36,-71.415251,41.786949
Polo Lake,Category_1,2025-09-09,shore,1,09:48,09:48,2.253333,0.041633,2.22,2.3,3,2.75,1.089725,2,4,3,1.21,0.4531,0.9,1.73,3,0.1,,,,,,,-71.415377,41.786197
Polo Lake,Category_1,2025-09-10,center,1,10:13,10:13,3.446667,0.240278,3.2,3.68,3,6.166667,0.763763,5.5,7,3,1.793333,0.198578,1.65,2.02,3,0.1,20.8,7.6,109.5,407.6,8.16,5.79,-71.415283,41.786949
Polo Lake,Category_1,2025-09-16,shore,1,10:26,10:26,2.523333,0.110151,2.41,2.63,3,4.75,0.433013,4.25,5,3,1.883333,0.241937,1.61,2.07,3,0.1,,,,,,,-71.415476,41.786222
Polo Lake,Category_1,2025-09-19,center,1,11:39,11:39,1.726667,0.070946,1.65,1.79,3,6.58,3.406861,4.25,10.49,3,3.68,1.669521,2.57,5.6,3,0.1,22.5,7.68,160.8,403.8,7.91,5.5,-71.415573,41.78663
Polo Lake,Category_1,2025-09-22,shore,1,10:50,10:50,1.52,0.208087,1.39,1.76,3,2.5,2.384848,1,5.25,3,1.723333,1.737019,0.56,3.72,3,0.1,,,,,,,-71.415427,41.786203
Polo Lake,Category_1,2025-09-26,center,1,13:35,13:35,0.443333,0.028868,0.41,0.46,3,5.166667,0.288675,5,5.5,3,11.71,1.472243,10.86,13.41,3,0.1,23,7.41,163.4,317,6.47,4.51,-71.415263,41.786922
Polo Lake,Category_1,2025-10-02,center,1,11:50,11:50,0.806667,0.087369,0.71,0.88,3,3.916667,1.233221,2.5,4.75,3,4.91,1.711257,3.01,6.33,3,0.1,19.2,7.35,118,339.3,6.95,3.05,-71.41532,41.786754
Polo Lake,Category_1,2025-10-02,shore,1,08:57,08:57,1.46,0.06245,1.41,1.53,3,12.563333,1.866396,10.74,14.47,3,8.583333,1.02632,7.45,9.45,3,0.1,,,,,,,-71.415541,41.786174
Polo Lake,Category_1,2025-10-09,shore,1,10:47,10:47,1.493333,0.015275,1.48,1.51,3,9.41,2.257056,7.75,11.98,3,6.296667,1.522312,5.23,8.04,3,0.1,,,,,,,-71.415633,41.786229
Polo Lake,Category_1,2025-10-10,center,1,13:40,13:40,0.68,0.104403,0.61,0.8,3,6.166667,1.464866,4.5,7.25,3,9.086667,1.960136,7.14,11.06,3,0.1,17.9,7.44,155,351.2,7.81,2.57,-71.415369,41.786807
Polo Lake,Category_1,2025-10-15,center,1,10:10,10:10,0.633333,0.070238,0.56,0.7,3,5,2.537223,2.75,7.75,3,7.67,3.129473,4.91,11.07,3,0.1,15.1,7.39,120.6,308,7.47,1.09,-71.415293,41.786917
Polo Lake,Category_1,2025-10-16,shore,1,12:43,12:43,0.626667,0.066583,0.55,0.67,3,1.756667,1.315345,0.77,3.25,3,2.776667,1.940266,1.14,4.92,3,0.1,,,,,,,-71.415517,41.786239
Polo Lake,Category_1,2025-10-23,center,1,10:07,10:07,1.16,0.14,1.06,1.32,3,4.083333,0.144338,4,4.25,3,3.22,0.704486,2.63,4,3,0.1,14.5,7.43,140.3,306.5,7.49,1.8,-71.415251,41.786978
Polo Lake,Category_1,2025-10-23,shore,1,12:24,12:24,0.763333,0.011547,0.75,0.77,3,3.5,0.433013,3.25,4,3,4.58,0.531131,4.22,5.19,3,0.1,,,,,,,-71.415297,41.786145
Polo Lake,Category_1,2025-10-29,center,1,14:30,14:30,1.136667,0.083267,1.07,1.23,3,2.75,0.433013,2.25,3,3,2.41,0.3005,2.1,2.7,3,0.1,11.4,7.49,125.7,332.5,9.54,2.01,-71.415272,41.786837
Polo Lake,Category_1,2025-10-30,shore,1,10:45,10:45,1.09,0.098489,1.01,1.2,3,2.083333,0.381881,1.75,2.5,3,1.926667,0.470567,1.65,2.47,3,0.1,,,,,,,-71.415713,41.786275
Roosevelt Lake,Category_1,2021-05-18,shore,1,16:00,16:00,0.476667,0.076376,0.41,0.56,3,9.313333,0.82809,8.56,10.2,3,19.733333,2.30899,18.21,22.39,3,1,,,,,,,-71.415733,41.784642
Roosevelt Lake,Category_1,2021-06-01,shore,1,16:05,16:05,0.33,0,0.33,0.33,1,7.13,0,7.13,7.13,1,21.6,0,21.6,21.6,1,1,,,,,,,-71.415604,41.78471
Roosevelt Lake,Category_1,2021-07-13,shore,1,17:00,17:00,0.62,0.026458,0.59,0.64,3,8.233333,2.355299,5.9,10.61,3,13.246667,3.637861,9.36,16.57,3,0.5,,,,,,,-71.415511,41.78457
Roosevelt Lake,Category_1,2021-07-27,shore,1,17:31,17:31,0.83,0,0.83,0.83,1,5.09,0,5.09,5.09,1,6.13,0,6.13,6.13,1,0.5,,,,,,,-71.415647,41.784581
Roosevelt Lake,Category_1,2021-08-10,shore,1,16:33,16:33,1.53,0,1.53,1.53,1,4.88,0,4.88,4.88,1,3.18,0,3.18,3.18,1,0.5,,,,,,,-71.4156,41.784661
Roosevelt Lake,Category_1,2021-08-24,shore,1,17:21,17:21,0.556667,0.020817,0.54,0.58,3,3.993333,0.513258,3.45,4.47,3,7.166667,0.881892,6.38,8.12,3,0.5,,,,,,,-71.415524,41.784699
Roosevelt Lake,Category_1,2021-09-07,shore,1,16:45,16:45,0.503333,0.040415,0.48,0.55,3,16.23,2.140117,14.52,18.63,3,32.163333,1.818827,30.25,33.87,3,0.5,,,,,,,-71.415686,41.784548
Roosevelt Lake,Category_1,2021-09-21,shore,1,17:01,17:01,0.68,0.127279,0.59,0.77,2,11.373333,3.726357,8.36,15.54,3,16.06,9.190424,8.61,26.33,3,0.5,,,,,,,-71.415663,41.784879
Roosevelt Lake,Category_1,2021-10-05,shore,1,16:22,16:22,0.73,0,0.73,0.73,1,11.43,0,11.43,11.43,1,15.65,0,15.65,15.65,1,0.5,,,,,,,-71.415593,41.784867
Roosevelt Lake,Category_1,2021-10-19,shore,1,16:45,16:45,0.973333,0.197315,0.84,1.2,3,16.64,2.834854,14.52,19.86,3,17.183333,1.140541,16.5,18.5,3,0.5,,,,,,,-71.415701,41.784665
Roosevelt Lake,Category_1,2021-11-02,shore,1,18:00,18:00,0.873333,0.107858,0.75,0.95,3,38.9,2.378298,36.71,41.43,3,45.04,6.405006,38.64,51.45,3,0.5,,,,,,,-71.415589,41.784876
Roosevelt Lake,Category_1,2022-06-14,shore,1,17:15,17:15,0.28,0,0.28,0.28,1,2.84,0,2.84,2.84,1,10.14,0,10.14,10.14,1,0.5,,,,,,,-71.415715,41.784584
Roosevelt Lake,Category_1,2023-08-30,shore,1,08:04,08:04,0.48,0.141774,0.32,0.59,3,5.086667,4.488935,1.2,10,3,9.826667,7.969607,3.75,18.85,3,0.2,,,,,,,-71.415617,41.78453
Roosevelt Lake,Category_1,2023-09-14,shore,1,08:09,08:09,1.843333,0.962306,1.14,2.94,3,25.476667,5.280458,19.86,30.34,3,15.666667,6.571867,10.31,23,3,0.2,,,,,,,-71.41697,41.7828
Roosevelt Lake,Category_1,2023-09-26,shore,1,08:00,08:00,0.75,0.226053,0.56,1,3,32.803333,8.75131,23.76,41.23,3,47.603333,23.69695,33.42,74.96,3,0.2,,,,,,,-71.41697,41.7828
Roosevelt Lake,Category_1,2024-06-14,shore,1,08:31,08:31,0.823333,0.068069,0.77,0.9,3,7.416667,2.268443,5.75,10,3,9.106667,3.11399,6.38,12.5,3,0.3,,,,,,,-71.415767,41.784521
Roosevelt Lake,Category_1,2024-06-21,shore,1,08:50,08:50,0.83,0.01,0.82,0.84,3,3.5,0.25,3.25,3.75,3,4.243333,0.236291,4.06,4.51,3,0.5,,,,,,,-71.415698,41.784412
Roosevelt Lake,Category_1,2024-06-28,shore,1,08:40,08:40,0.776667,0.025166,0.75,0.8,3,5.083333,0.946485,4,5.75,3,6.52,1.032618,5.33,7.18,3,0.3,,,,,,,-71.415786,41.784453
Roosevelt Lake,Category_1,2024-07-03,shore,1,08:34,08:34,0.94,0.045826,0.89,0.98,3,19.443333,3.416202,16.46,23.17,3,20.65,3.243717,18.49,24.38,3,0.3,,,,,,,-71.415656,41.784462
Roosevelt Lake,Category_1,2024-07-12,shore,1,11:04,11:04,1.21,0.1253,1.08,1.33,3,3.016667,2.193931,0.55,4.75,3,2.496667,1.77317,0.45,3.57,3,0.5,,,,,,,-71.415646,41.784584
Roosevelt Lake,Category_1,2024-07-18,shore,1,08:50,08:50,0.58,0.507149,0,0.94,3,6.416667,2.268443,4.75,9,3,8.22,1.909188,6.87,9.57,2,0.3,,,,,,,-71.4155,41.784583
Roosevelt Lake,Category_1,2024-07-26,shore,1,11:05,11:05,1.34,0.153948,1.21,1.51,3,10.243333,1.972976,8.75,12.48,3,7.746667,1.907101,5.79,9.6,3,0.3,,,,,,,-71.4155,41.784583
Roosevelt Lake,Category_1,2024-08-01,shore,1,08:36,08:36,3.536667,0.546291,2.97,4.06,3,22.26,4.179964,17.7,25.91,3,6.513333,2.185322,4.35,8.72,3,0.3,,,,,,,-71.415722,41.784524
Roosevelt Lake,Category_1,2024-08-15,shore,1,09:40,09:40,2.3,0.017321,2.28,2.31,3,162.12,5.897889,156.73,168.42,3,70.473333,2.164933,68.74,72.9,3,0.2,,,,,,,-71.41578,41.784409
Roosevelt Lake,Category_1,2024-08-30,shore,1,09:37,09:37,7.2,1.042881,6.04,8.06,3,258.83,14.532932,242.82,271.19,3,36.276667,3.464106,33.64,40.2,3,0.1,,,,,,,-71.415768,41.784479
Roosevelt Lake,Category_1,2024-09-06,shore,1,09:05,09:05,2.533333,0.119304,2.45,2.67,3,2.416667,0.381881,2,2.75,3,0.953333,0.189033,0.74,1.1,3,0.1,,,,,,,-71.415745,41.784485
Roosevelt Lake,Category_1,2024-09-13,shore,1,09:45,09:45,1.08,0.138564,1,1.24,3,4.666667,0.381881,4.25,5,3,4.39,0.849294,3.42,5,3,0.1,,,,,,,-71.415681,41.784603
Roosevelt Lake,Category_1,2024-09-19,shore,1,10:15,10:15,0.78,0.138564,0.7,0.94,3,1.606667,1.64336,0.55,3.5,3,1.866667,1.612989,0.78,3.72,3,0.1,,,,,,,-71.415695,41.784637
Roosevelt Lake,Category_1,2024-09-26,shore,1,09:25,09:25,1.19,0.078102,1.14,1.28,3,19.113333,2.914658,16.96,22.43,3,15.996667,1.368807,14.87,17.52,3,0.1,,,,,,,-71.415593,41.784668
Roosevelt Lake,Category_1,2024-10-04,shore,1,08:50,08:50,1.086667,0.065064,1.02,1.15,3,14.883333,3.627704,11.98,18.95,3,13.636667,2.744765,10.99,16.47,3,0.2,,,,,,,-71.415688,41.78455
Roosevelt Lake,Category_1,2024-10-11,shore,1,09:18,09:18,0.716667,0.076376,0.65,0.8,3,9.326667,2.297854,8,11.98,3,12.896667,1.848684,11.42,14.97,3,0.1,,,,,,,-71.415506,41.784702
Roosevelt Lake,Category_1,2024-10-18,shore,1,09:18,09:18,1.096667,0.414287,0.8,1.57,3,2.833333,1.2829,1.75,4.25,3,2.793333,1.600698,1.59,4.61,3,0.1,,,,,,,-71.415658,41.784608
Roosevelt Lake,Category_1,2024-10-24,shore,1,09:20,09:20,1.316667,0.047258,1.28,1.37,3,14.14,2.610919,11.49,16.71,3,10.776667,2.252473,8.38,12.85,3,0.1,,,,,,,-71.415547,41.784674
Roosevelt Lake,Category_1,2024-10-31,shore,1,09:25,09:25,8.123333,1.021877,7.04,9.07,3,4.166667,2.673169,2.5,7.25,3,0.49,0.26,0.33,0.79,3,0.1,,,,,,,-71.41559,41.784685
Roosevelt Lake,Category_1,2025-06-18,shore,1,16:32,16:32,1.38,0.075498,1.3,1.45,3,108.786667,3.173741,106.71,112.44,3,79.06,6.588315,73.93,86.49,3,0.1,,,,,,,-71.415823,41.784539
Roosevelt Lake,Category_1,2025-06-20,center,1,11:00,11:00,0.59,0.096437,0.48,0.66,3,10.49,2.52737,7.75,12.73,3,17.62,1.57772,16.14,19.28,3,1,24.2,,,490.9,9.41,,-71.417317,41.782824
Roosevelt Lake,Category_1,2025-06-26,shore,1,11:00,11:00,1.17,0.157162,1.06,1.35,3,3.75,1.322876,2.75,5.25,3,3.253333,1.316903,2.4,4.77,3,1,,,,,,,-71.415854,41.784366
Roosevelt Lake,Category_1,2025-06-27,center,1,10:59,10:59,0.616667,0.065064,0.55,0.68,3,8.663333,2.979099,5.25,10.74,3,14.143333,5.064902,8.46,18.18,3,0.7,24.8,,,488.8,6.97,2.7,-71.417189,41.782885
Roosevelt Lake,Category_1,2025-07-01,shore,1,09:55,09:55,3.763333,0.84216,2.8,4.36,3,54.993333,11.415281,44.55,67.18,3,15.16,4.501944,10.21,19.01,3,0.1,,,,,,,-71.415769,41.784569
Roosevelt Lake,Category_1,2025-07-02,center,1,10:47,10:47,1.076667,0.446356,0.68,1.56,3,9.826667,3.743011,6,13.48,3,10.716667,5.980254,3.84,14.7,3,0.1,26.4,,,506,6.99,4.02,-71.416989,41.782789
Roosevelt Lake,Category_1,2025-07-08,center,1,10:00,10:00,0.83,0.06245,0.76,0.88,3,2.416667,1.127312,1.25,3.5,3,2.963333,1.578618,1.45,4.6,3,0.1,28,,,492.3,7.85,3.6,-71.41697,41.7828
Roosevelt Lake,Category_1,2025-07-09,shore,1,10:55,10:55,1.616667,0.478992,1.2,2.14,3,5.246667,3.923332,2.5,9.74,3,2.98,1.364515,2.08,4.55,3,0.1,,,,,,,-71.415921,41.78433
Roosevelt Lake,Category_1,2025-07-15,shore,1,09:51,09:51,0.7,0.069282,0.66,0.78,3,37.756667,4.277152,34.36,42.56,3,53.896667,1.610911,52.06,55.07,3,0.1,,,,,,,-71.415393,41.784679
Roosevelt Lake,Category_1,2025-07-16,center,1,10:50,10:50,0.506667,0.09609,0.42,0.61,3,13.226667,2.370176,11.74,15.96,3,26.183333,1.755116,24.44,27.95,3,0.1,28.1,,,484.7,6.91,4.95,-71.417042,41.782853
Roosevelt Lake,Category_1,2025-07-24,shore,1,09:42,09:42,0.766667,0.063509,0.73,0.84,3,8.166667,1.2829,6.75,9.25,3,10.673333,1.78304,9.24,12.67,3,0.1,,,,,,,-71.415909,41.784393
Roosevelt Lake,Category_1,2025-07-25,shore,1,09:40,09:40,1.01,0.164621,0.91,1.2,3,17.95,6.275245,13.72,25.16,3,17.446667,3.15535,14.91,20.98,3,0.1,27,7.74,118,498.9,9.12,4.35,-71.416382,41.782726
Roosevelt Lake,Category_1,2025-07-29,shore,1,09:53,09:53,0.416667,0.020817,0.4,0.44,3,0.1,0,0.1,0.1,3,0.236667,0.015275,0.22,0.25,3,0.1,,,,,,,-71.415768,41.784484
Roosevelt Lake,Category_1,2025-07-30,center,1,10:45,10:45,2.743333,0.635164,2.01,3.12,3,4.25,1.25,3,5.5,3,1.54,0.209523,1.36,1.77,3,0.1,28.7,7.53,125.5,485.7,8.31,4.02,-71.416608,41.782816
Roosevelt Lake,Category_1,2025-08-04,center,1,09:54,09:54,1.256667,0.055076,1.22,1.32,3,0.633333,0.579511,0.1,1.25,3,0.503333,0.4769,0.08,1.02,3,0.1,24,7.29,153.8,444.6,6.53,2.86,-71.417039,41.78277
Roosevelt Lake,Category_1,2025-08-08,shore,1,10:52,10:52,2.306667,0.811193,1.67,3.22,3,14.966667,5.496229,10.74,21.18,3,6.963333,3.233162,4.03,10.43,3,0.1,,,,,,,-71.415973,41.7843
Roosevelt Lake,Category_1,2025-08-13,shore,1,12:13,12:13,2.18,0.18,2,2.36,3,3.25,0.5,2.75,3.75,3,1.483333,0.320052,1.16,1.8,3,0.1,,,,,,,-71.415932,41.784346
Roosevelt Lake,Category_1,2025-08-14,center,1,09:58,09:58,1.43,0.115326,1.31,1.54,3,4,2.610077,2.25,7,3,2.476667,1.790596,1.33,4.54,3,0.1,28.9,7.73,127.6,504,8.8,2.97,-71.416918,41.78289
Roosevelt Lake,Category_1,2025-08-19,shore,1,10:37,10:37,0.826667,0.040415,0.78,0.85,3,2.75,0.25,2.5,3,3,3.336667,0.459384,2.94,3.84,3,0.1,,,,,,,-71.415945,41.784259
Roosevelt Lake,Category_1,2025-08-20,center,1,10:12,10:12,0.903333,0.086217,0.81,0.98,3,7.906667,5.034494,5,13.72,3,8.533333,4.748709,5.43,14,3,0.1,23.5,7.24,187,495.9,5.95,1.72,-71.417096,41.782717
Roosevelt Lake,Category_1,2025-08-25,shore,1,09:38,09:38,0.956667,0.086217,0.88,1.05,3,0.1,0,0.1,0.1,3,0.1,0.01,0.09,0.11,3,0.1,,,,,,,-71.415918,41.784339
Roosevelt Lake,Category_1,2025-08-27,center,1,11:27,11:27,0.496667,0.037859,0.47,0.54,3,0.783333,0.404145,0.55,1.25,3,1.54,0.667008,1.14,2.31,3,0.1,23.2,7.83,164.1,501,9.9,2.9,-71.416965,41.782805
Roosevelt Lake,Category_1,2025-09-02,shore,1,14:07,14:07,0.57,0.147309,0.41,0.7,3,0.483333,0.663953,0.1,1.25,3,0.726667,0.91309,0.16,1.78,3,0.1,,,,,,,-71.4156,41.784569
Roosevelt Lake,Category_1,2025-09-05,center,1,11:20,11:20,0.99,0.060828,0.95,1.06,3,2.666667,0.381881,2.25,3,3,2.706667,0.398037,2.38,3.15,3,0.1,22.8,7.76,130.1,469,7.83,2.48,-71.417104,41.782801
Roosevelt Lake,Category_1,2025-09-09,shore,1,09:40,09:40,0.64,0.01,0.63,0.65,3,2.833333,1.464866,1.75,4.5,3,4.43,2.294254,2.69,7.03,3,0.1,,,,,,,-71.415838,41.784448
Roosevelt Lake,Category_1,2025-09-10,center,1,09:55,09:55,0.76,0.087178,0.66,0.82,3,12.15,0.759408,11.49,12.98,3,15.896667,1.994049,14.36,18.15,3,0.1,20.5,7.67,143.7,484.6,7.46,3.81,-71.416946,41.782781
Roosevelt Lake,Category_1,2025-09-16,shore,1,10:10,10:10,0.59,0.026458,0.56,0.61,3,3.333333,0.763763,2.5,4,3,5.653333,1.301934,4.16,6.55,3,0.1,,,,,,,-71.415926,41.78434
Roosevelt Lake,Category_1,2025-09-19,center,1,11:23,11:23,0.71,0.017321,0.7,0.73,3,12.483333,2.768616,9.5,14.97,3,17.536667,3.572287,13.57,20.5,3,0.1,21.1,7.88,143.5,381.5,7.16,7.66,-71.416902,41.782809
Roosevelt Lake,Category_1,2025-09-22,shore,1,10:37,10:37,1.41,0.17088,1.23,1.57,3,101.82,9.856556,91.54,111.19,3,72.533333,6.373008,65.43,77.75,3,0.1,,,,,,,-71.415854,41.784384
Roosevelt Lake,Category_1,2025-09-26,center,1,13:20,13:20,0.556667,0.230723,0.39,0.82,3,20.02,7.426365,14.22,28.39,3,36.336667,1.658443,34.62,37.93,3,0.1,22.1,7.33,111.3,430,7.54,5.44,-71.416819,41.782864
Roosevelt Lake,Category_1,2025-10-02,center,1,11:32,11:32,0.643333,0.065064,0.58,0.71,3,22.126667,4.317364,18.2,26.75,3,29.13,8.072794,21.43,37.53,3,0.1,19.7,7.35,134.9,445,7.56,5.8,-71.41688,41.782744
Roosevelt Lake,Category_1,2025-10-02,shore,1,08:40,08:40,1.006667,0.100664,0.9,1.1,3,17.533333,2.010829,15.71,19.69,3,17.563333,2.845037,14.28,19.3,3,0.1,,,,,,,-71.415782,41.784514
Roosevelt Lake,Category_1,2025-10-09,shore,1,10:39,10:39,0.696667,0.087369,0.6,0.77,3,8.413333,2.460698,6.75,11.24,3,12.39,3.443356,8.76,15.61,3,0.1,,,,,,,-71.415926,41.78433
Roosevelt Lake,Category_1,2025-10-10,center,1,13:23,13:23,0.446667,0.047258,0.41,0.5,3,12.83,1.181144,11.49,13.72,3,29.066667,5.441336,22.98,33.46,3,0.1,17.5,7.5,142.1,428.1,7.73,4,-71.417065,41.782787
Roosevelt Lake,Category_1,2025-10-15,center,1,09:52,09:52,0.75,0.078102,0.7,0.84,3,33.946667,4.870671,29.39,39.08,3,45.643333,8.852719,39.72,55.82,3,0.1,15.9,7.6,127.2,418,8.08,4.76,-71.416838,41.782813
Roosevelt Lake,Category_1,2025-10-16,shore,1,12:35,12:35,0.653333,0.118462,0.58,0.79,3,12.07,2.009179,9.75,13.23,3,18.69,3.56972,16.52,22.81,3,0.1,,,,,,,-71.415818,41.784464
Roosevelt Lake,Category_1,2025-10-23,center,1,09:53,09:53,0.7,0.07,0.62,0.75,3,19.11,3.009053,15.71,21.43,3,27.2,2.024574,25.33,29.35,3,0.2,14.5,7.62,132.9,410.8,8.88,3.9,-71.416939,41.78285
Roosevelt Lake,Category_1,2025-10-23,shore,1,12:12,12:12,0.5,0.091652,0.42,0.6,3,11.65,3.446317,8.75,15.46,3,24.306667,10.820727,17.9,36.8,3,0.1,,,,,,,-71.415624,41.784592
Roosevelt Lake,Category_1,2025-10-29,center,1,14:15,14:15,0.486667,0.086217,0.41,0.58,3,12.813333,2.116822,11.24,15.22,3,27.323333,9.017429,19.37,37.12,3,0.1,12.5,7.78,122.3,429.9,11.14,3.17,-71.41679,41.782853
Roosevelt Lake,Category_1,2025-10-30,shore,1,10:35,10:35,0.59,0.06245,0.54,0.66,3,9.166667,1.040833,8,10,3,15.58,1.710351,14.39,17.54,3,0.1,,,,,,,-71.416026,41.784231
Spectacle Pond,Category_2,2023-06-20,shore,1,14:39,14:39,0.796667,0.097125,0.69,0.88,3,2.853333,3.032595,0.64,6.31,3,3.916667,4.553903,0.78,9.14,3,0.2,,,,,,,-71.44271,41.79039
Spectacle Pond,Category_2,2023-07-21,shore,1,12:43,12:43,0.99,0.060828,0.95,1.06,3,23.49,2.790394,20.27,25.2,3,23.803333,2.490167,21.33,26.31,3,0.3,,,,,,,-71.44271,41.79039
Spectacle Pond,Category_2,2023-07-31,shore,1,13:00,13:00,0.316667,0.023094,0.29,0.33,3,23.213333,2.454105,20.47,25.2,3,73.19,2.93041,70.58,76.36,3,0.2,,,,,,,-71.44203,41.787993
Spectacle Pond,Category_2,2023-08-15,shore,1,12:35,12:35,0.89,0.086603,0.79,0.94,3,13.693333,4.515001,9.18,18.21,3,15.77,6.756752,9.7,23.05,3,0.2,,,,,,,-71.441702,41.788525
Spectacle Pond,Category_2,2023-09-01,shore,1,12:16,12:16,0.866667,0.061101,0.8,0.92,3,15.27,1.95594,13.28,17.19,3,17.63,2.216213,15.09,19.17,3,0.2,,,,,,,-71.44271,41.79039
Spectacle Pond,Category_2,2023-09-11,shore,1,10:59,10:59,1.033333,0.211266,0.79,1.17,3,16.983333,4.632001,11.64,19.86,3,16.256667,1.381316,14.73,17.42,3,0.2,,,,,,,-71.44271,41.79039
Spectacle Pond,Category_2,2023-09-28,shore,1,10:50,10:50,0.686667,0.22745,0.5,0.94,3,15.543333,4.445923,10.61,19.24,3,22.913333,3.611168,20.46,27.06,3,0.2,,,,,,,-71.443864,41.78773
Spectacle Pond,Category_2,2024-06-21,shore,1,11:24,11:24,0.713333,0.23029,0.49,0.95,3,1.1,0.492443,0.55,1.5,3,1.753333,1.0451,0.57,2.55,3,0.5,,,,,,,-71.440476,41.788758
Spectacle Pond,Category_2,2024-06-28,shore,1,10:48,10:48,1.186667,0.070238,1.12,1.26,3,9.493333,3.372334,6,12.73,3,7.953333,2.72188,5.35,10.78,3,0.3,,,,,,,-71.441534,41.788361
Spectacle Pond,Category_2,2024-07-03,shore,1,10:58,10:58,1.733333,0.115902,1.6,1.81,3,35.936667,1.175812,34.61,36.85,3,20.796667,1.733705,19.33,22.71,3,0.2,,,,,,,-71.441212,41.789102
Spectacle Pond,Category_2,2024-07-12,shore,1,10:01,10:01,0.883333,0.15308,0.79,1.06,3,10.983333,6.509672,6.5,18.45,3,11.88,4.883933,8.12,17.4,3,0.3,,,,,,,-71.441569,41.788395
Spectacle Pond,Category_2,2024-07-18,shore,1,10:58,10:58,0.44,0.03,0.41,0.47,3,5.666667,2.625992,3,8.25,3,12.64,5.132904,7.31,17.55,3,0.3,,,,,,,-71.441571,41.788514
Spectacle Pond,Category_2,2024-07-26,shore,1,09:23,09:23,0.903333,0.057735,0.87,0.97,3,37.67,3.570308,33.61,40.32,3,42.143333,6.600253,34.61,46.91,3,0.3,,,,,,,-71.441586,41.788584
Spectacle Pond,Category_2,2024-08-01,shore,1,10:16,10:16,1.186667,0.097125,1.08,1.27,3,56.49,4.89803,52.51,61.96,3,47.616667,1.878093,45.45,48.78,3,0.3,,,,,,,-71.441576,41.78827
Spectacle Pond,Category_2,2024-08-15,shore,1,11:32,11:32,1.473333,0.137961,1.37,1.63,3,72.313333,2.634432,69.91,75.13,3,49.343333,4.628654,44.11,52.9,3,0.2,,,,,,,-71.441529,41.788393
Spectacle Pond,Category_2,2024-08-30,shore,1,12:00,12:00,0.973333,0.086217,0.88,1.05,3,48.366667,7.309694,42.32,56.49,3,49.546667,3.743933,46.75,53.8,3,0.1,,,,,,,-71.441562,41.78846
Spectacle Pond,Category_2,2024-09-06,shore,1,11:03,11:03,2.186667,0.189033,2.04,2.4,3,10.326667,1.601572,8.5,11.49,3,4.706667,0.513939,4.16,5.18,3,0.1,,,,,,,-71.441619,41.7884
Spectacle Pond,Category_2,2024-09-13,shore,1,11:30,11:30,1.053333,0.046188,1,1.08,3,17.12,5.239284,12.73,22.92,3,16.413333,5.80146,11.78,22.92,3,0.1,,,,,,,-71.441592,41.788118
Spectacle Pond,Category_2,2024-09-19,shore,1,12:10,12:10,1.123333,0.109697,1,1.21,3,7.5,1.391941,6.25,9,3,6.803333,1.978897,5.16,9,3,0.1,,,,,,,-71.44157,41.788019
Spectacle Pond,Category_2,2024-09-26,shore,1,11:15,11:15,1.286667,0.185023,1.17,1.5,3,19.03,6.008153,13.48,25.41,3,15.053333,5.779051,11.32,21.71,3,0.1,,,,,,,-71.441634,41.788265
Spectacle Pond,Category_2,2024-10-04,shore,1,10:50,10:50,0.863333,0.050332,0.81,0.91,3,22.26,4.018358,19.94,26.9,3,25.693333,3.454828,22.91,29.56,3,0.2,,,,,,,-71.441162,41.788354
Spectacle Pond,Category_2,2024-10-11,shore,1,11:20,11:20,0.846667,0.104083,0.73,0.93,3,12.65,2.586871,9.75,14.72,3,15.316667,4.840003,10.48,20.16,3,0.1,,,,,,,-71.44162,41.788078
Spectacle Pond,Category_2,2024-10-18,shore,1,10:25,10:25,1.243333,0.12741,1.16,1.39,3,10.906667,1.171936,10,12.23,3,8.84,1.422814,7.54,10.36,3,0.1,,,,,,,-71.441663,41.788278
Spectacle Pond,Category_2,2024-10-24,shore,1,10:50,10:50,0.84,0.026458,0.81,0.86,3,3.416667,1.376893,2,4.75,3,4.093333,1.765059,2.32,5.85,3,0.1,,,,,,,-71.441609,41.788262
Spectacle Pond,Category_2,2024-10-31,shore,1,10:45,10:45,0.643333,0.145029,0.5,0.79,3,5.25,1.802776,3.25,6.75,3,8.006667,1.323228,6.5,8.98,3,0.1,,,,,,,-71.4416,41.788343
Spectacle Pond,Category_2,2025-06-11,shore,1,15:07,15:07,1.863333,0.110151,1.79,1.99,3,5.083333,0.57735,4.75,5.75,3,2.716667,0.142244,2.62,2.88,3,0.1,,,,,,,-71.44271,41.79039
Spectacle Pond,Category_2,2025-06-18,shore,1,14:35,14:35,1.473333,0.245017,1.23,1.72,3,18.116667,0.803638,17.2,18.7,3,12.473333,1.643938,10.72,13.98,3,0.1,,,,,,,-71.44158,41.788571
Spectacle Pond,Category_2,2025-06-26,shore,1,12:34,12:34,1.956667,0.10116,1.84,2.02,3,9,1.145644,7.75,10,3,4.606667,0.673078,3.83,5.02,3,0.5,,,,,,,-71.441334,41.787828
Spectacle Pond,Category_2,2025-07-01,shore,1,11:36,11:36,1.936667,0.056862,1.89,2,3,9.83,1.005833,8.75,10.74,3,5.083333,0.635715,4.37,5.59,3,0.1,,,,,,,-71.44271,41.79039
Spectacle Pond,Category_2,2025-07-09,shore,1,12:19,12:19,3.713333,0.143643,3.55,3.82,3,9.996667,1.745002,8.25,11.74,3,2.68,0.375899,2.32,3.07,3,0.1,,,,,,,-71.42827,41.783237
Spectacle Pond,Category_2,2025-07-15,shore,1,11:38,11:38,1.096667,0.015275,1.08,1.11,3,15.546667,0.377536,15.22,15.96,3,14.176667,0.541233,13.71,14.77,3,0.1,,,,,,,-71.441599,41.788542
Spectacle Pond,Category_2,2025-07-24,shore,1,11:15,11:15,0.46,0.1249,0.32,0.56,3,8.5,1.63936,6.75,10,3,20.266667,9.894485,12.05,31.25,3,0.1,,,,,,,-71.441654,41.7886
Spectacle Pond,Category_2,2025-07-29,shore,1,11:09,11:09,0.603333,0.030551,0.57,0.63,3,21.843333,1.175812,20.93,23.17,3,36.206667,0.924247,35.14,36.77,3,0.1,,,,,,,-71.441521,41.788322
Spectacle Pond,Category_2,2025-08-08,shore,1,13:03,13:03,0.86,0.01,0.85,0.87,3,24.413333,2.167979,22.92,26.9,3,28.38,2.502938,26.91,31.27,3,0.1,,,,,,,-71.441617,41.788581
Spectacle Pond,Category_2,2025-08-13,shore,1,14:36,14:36,0.776667,0.075056,0.7,0.85,3,16.126667,1.597947,14.97,17.95,3,20.77,0.833727,19.82,21.38,3,0.1,,,,,,,-71.441681,41.788289
Spectacle Pond,Category_2,2025-08-19,shore,1,11:58,11:58,1.206667,0.066583,1.13,1.25,3,38.003333,1.516619,36.35,39.33,3,31.133333,1.683934,29.31,32.63,3,0.1,,,,,,,-71.441651,41.789084
Spectacle Pond,Category_2,2025-08-25,shore,1,11:09,11:09,0.68,0.07,0.6,0.73,3,10.24,3.482858,7.75,14.22,3,15.543333,7.115436,10.61,23.7,3,0.1,,,,,,,-71.441627,41.788702
Spectacle Pond,Category_2,2025-09-02,shore,1,15:42,15:42,0.916667,0.066583,0.86,0.99,3,6.333333,2.875906,3.5,9.25,3,6.88,3.143994,4.06,10.27,3,0.1,,,,,,,-71.441625,41.788522
Spectacle Pond,Category_2,2025-09-09,shore,1,11:01,11:01,0.82,0.07,0.75,0.89,3,8.99,2.469332,6.23,10.99,3,10.853333,2.196823,8.33,12.34,3,0.1,,,,,,,-71.44156,41.788363
Spectacle Pond,Category_2,2025-09-16,shore,1,13:49,13:49,0.713333,0.041633,0.68,0.76,3,17.866667,2.877713,15.22,20.93,3,24.943333,2.575079,22.38,27.53,3,0.1,,,,,,,-71.441573,41.78847
Spectacle Pond,Category_2,2025-09-22,shore,1,12:05,12:05,0.526667,0.030551,0.5,0.56,3,25.573333,3.209008,22.92,29.14,3,48.793333,8.215719,44.03,58.28,3,0.1,,,,,,,-71.441609,41.788416
Spectacle Pond,Category_2,2025-10-02,shore,1,10:27,10:27,1.993333,1.029191,0.88,2.91,3,26.983333,4.810825,21.43,29.88,3,16.046667,7.374431,10.26,24.35,3,0.1,,,,,,,-71.441627,41.788294
Spectacle Pond,Category_2,2025-10-09,shore,1,11:44,11:44,0.46,0.07,0.39,0.53,3,18.036667,1.175812,16.71,18.95,3,39.613333,4.240829,34.81,42.84,3,0.1,,,,,,,-71.441728,41.788846
Spectacle Pond,Category_2,2025-10-16,shore,1,13:56,13:56,0.793333,0.179258,0.68,1,3,12.233333,3.286401,9.75,15.96,3,15.346667,1.23957,13.92,16.16,3,0.1,,,,,,,-71.441606,41.78836
Spectacle Pond,Category_2,2025-10-23,shore,1,13:42,13:42,0.503333,0.005774,0.5,0.51,3,7.833333,1.527525,6.5,9.5,3,15.58,3.170047,12.74,19,3,0.1,,,,,,,-71.441664,41.788478
Spectacle Pond,Category_2,2025-10-30,shore,1,11:56,11:56,0.626667,0.011547,0.62,0.64,3,9.33,1.83894,7.25,10.74,3,14.92,3.174902,11.32,17.32,3,0.1,,,,,,,-71.441632,41.788603
Tongue Pond,Category_2,2024-06-21,shore,1,12:00,12:00,1.013333,0.050332,0.96,1.06,3,1.666667,0.721688,1.25,2.5,3,1.663333,0.811562,1.17,2.6,3,0.3,,,,,,,-71.443852,41.798762
Tongue Pond,Category_2,2024-06-28,shore,1,11:08,11:08,1.856667,0.058595,1.79,1.9,3,0.47,0.259808,0.32,0.77,3,0.253333,0.15308,0.16,0.43,3,0.3,,,,,,,-71.442058,41.797781
Tongue Pond,Category_2,2024-07-03,shore,1,11:18,11:18,2.366667,0.181475,2.2,2.56,3,1.583333,0.803638,1,2.5,3,0.65,0.28,0.45,0.97,3,0.5,,,,,,,-71.442056,41.797778
Tongue Pond,Category_2,2024-07-12,shore,1,09:11,09:11,2.9,0.20664,2.73,3.13,3,1.333333,0.144338,1.25,1.5,3,0.456667,0.076376,0.39,0.54,3,0.3,,,,,,,-71.442056,41.797778
Tongue Pond,Category_2,2024-07-18,shore,1,11:18,11:18,2.033333,0.37314,1.73,2.45,3,6.583333,1.808545,4.5,7.75,3,3.22,0.652074,2.6,3.9,3,0.3,,,,,,,-71.44222,41.797859
Tongue Pond,Category_2,2024-07-26,shore,1,09:07,09:07,1.503333,0.030551,1.47,1.53,3,3.25,1.145644,2.25,4.5,3,2.156667,0.744737,1.53,2.98,3,0.5,,,,,,,-71.442056,41.797778
Tongue Pond,Category_2,2024-08-01,shore,1,10:41,10:41,1.196667,0.193477,1.08,1.42,3,8.656667,5.323404,4.75,14.72,3,6.903333,3.094775,4.39,10.36,3,0.3,,,,,,,-71.415711,41.778217
Tongue Pond,Category_2,2024-08-15,shore,1,12:17,12:17,1.04,0.111355,0.92,1.14,3,16.79,2.454954,13.97,18.45,3,16.41,3.925914,12.25,20.05,3,0.2,,,,,,,-71.442211,41.798175
Tongue Pond,Category_2,2024-08-30,shore,1,12:35,12:35,1.343333,0.005774,1.34,1.35,3,65.19,1.551644,63.45,66.43,3,48.523333,1.020114,47.35,49.2,3,0.1,,,,,,,-71.442285,41.798665
Tongue Pond,Category_2,2024-09-06,shore,1,11:24,11:24,1.35,0.135277,1.22,1.49,3,18.366667,3.774418,14.97,22.43,3,13.573333,2.099436,11.17,15.05,3,0.1,,,,,,,-71.442456,41.798332
Tongue Pond,Category_2,2024-09-13,shore,1,12:00,12:00,1.653333,0.040415,1.61,1.69,3,6.5,0.25,6.25,6.75,3,3.93,0.228692,3.76,4.19,3,0.1,,,,,,,-71.442265,41.798499
Tongue Pond,Category_2,2024-09-19,shore,1,12:30,12:30,2.76,0.18735,2.55,2.91,3,5.833333,0.288675,5.5,6,3,3.453333,2.50919,1.95,6.35,3,0.1,,,,,,,-71.442354,41.798673
Tongue Pond,Category_2,2024-09-26,shore,1,11:35,11:35,3.936667,0.275015,3.66,4.21,3,8.33,1.696084,7,10.24,3,2.113333,0.414287,1.84,2.59,3,0.1,,,,,,,-71.442279,41.79811
Tongue Pond,Category_2,2024-10-04,shore,1,11:08,11:08,2.303333,0.180093,2.12,2.48,3,13.886667,6.006583,7.25,18.95,3,6.096667,2.902298,3.13,8.93,3,0.2,,,,,,,-71.441882,41.798282
Tongue Pond,Category_2,2024-10-11,shore,1,12:00,12:00,2.42,0.065574,2.35,2.48,3,4,1.391941,2.5,5.25,3,1.643333,0.553022,1.06,2.16,3,0.1,,,,,,,-71.442361,41.798484
Tongue Pond,Category_2,2024-10-18,shore,1,11:10,11:10,2.026667,0.095044,1.93,2.12,3,3.666667,1.909407,2,5.75,3,1.79,0.87023,0.98,2.71,3,0.1,,,,,,,-71.442283,41.798305
Tongue Pond,Category_2,2024-10-24,shore,1,11:24,11:24,2.3,0.215174,2.08,2.51,3,6.333333,1.376893,5,7.75,3,2.79,0.822131,2.16,3.72,3,0.1,,,,,,,-71.442276,41.798289
Tongue Pond,Category_2,2024-10-31,shore,1,11:20,11:20,2.44,0.242487,2.22,2.7,3,8.743333,3.02037,6,11.98,3,3.546667,0.975312,2.5,4.43,3,0.1,,,,,,,-71.442262,41.798313
Tongue Pond,Category_2,2025-06-11,shore,1,15:32,15:32,2.206667,0.323471,2.01,2.58,3,9.743333,3.240005,6.5,12.98,3,4.38,1.028931,3.2,5.09,3,0.1,,,,,,,-71.44295,41.79834
Tongue Pond,Category_2,2025-06-18,shore,1,14:54,14:54,2.316667,0.241937,2.13,2.59,3,3.333333,0.381881,3,3.75,3,1.453333,0.305014,1.15,1.76,3,0.1,,,,,,,-71.442231,41.798086
Tongue Pond,Category_2,2025-06-26,shore,1,12:50,12:50,1.44,0.065574,1.38,1.51,3,3.166667,0.144338,3,3.25,3,2.196667,0.136137,2.09,2.35,3,0.1,,,,,,,-71.442309,41.798097
Tongue Pond,Category_2,2025-07-01,shore,1,11:49,11:49,1.063333,0.130128,0.93,1.19,3,1.033333,0.846069,0.1,1.75,3,0.966667,0.761993,0.09,1.47,3,0.1,,,,,,,-71.442713,41.798137
Tongue Pond,Category_2,2025-07-09,shore,1,12:30,12:30,1.146667,0.050332,1.1,1.2,3,0.623333,0.127017,0.55,0.77,3,0.54,0.115326,0.45,0.67,3,0.1,,,,,,,-71.42827,41.783237
Tongue Pond,Category_2,2025-07-15,shore,1,11:53,11:53,0.453333,0.037859,0.41,0.48,3,0.873333,0.767876,0.32,1.75,3,1.863333,1.550946,0.78,3.64,3,0.1,,,,,,,-71.442222,41.797851
Tongue Pond,Category_2,2025-07-24,shore,1,11:35,11:35,0.57,0.055678,0.51,0.62,3,0.1,0,0.1,0.1,3,0.173333,0.015275,0.16,0.19,3,0.1,,,,,,,-71.442286,41.79796
Tongue Pond,Category_2,2025-07-29,shore,1,11:21,11:21,1.023333,0.296873,0.77,1.35,3,0.1,0,0.1,0.1,3,0.096667,0.025166,0.07,0.12,3,0.1,,,,,,,-71.442202,41.798516
Tongue Pond,Category_2,2025-08-08,shore,1,13:18,13:18,1.843333,0.174738,1.65,1.99,3,1.25,0.25,1,1.5,3,0.68,0.157162,0.5,0.79,3,0.1,,,,,,,-71.44295,41.79834
Tongue Pond,Category_2,2025-08-13,shore,1,14:24,14:24,1.516667,0.040415,1.48,1.56,3,1.083333,0.144338,1,1.25,3,0.71,0.078102,0.66,0.8,3,0.1,,,,,,,-71.442633,41.798286
Tongue Pond,Category_2,2025-08-19,shore,1,12:16,12:16,3.336667,1.98611,2.18,5.63,3,1.75,0.25,1.5,2,3,0.576667,0.196554,0.35,0.7,3,0.1,,,,,,,-71.44293,41.798136
Tongue Pond,Category_2,2025-08-25,shore,1,11:23,11:23,1.176667,0.065064,1.11,1.24,3,0.1,0,0.1,0.1,3,0.083333,0.005774,0.08,0.09,3,0.1,,,,,,,-71.442248,41.798124
Tongue Pond,Category_2,2025-09-02,shore,1,15:54,15:54,1.623333,0.015275,1.61,1.64,3,0.1,0,0.1,0.1,3,0.06,0,0.06,0.06,3,0.1,,,,,,,-71.44225,41.798005
Tongue Pond,Category_2,2025-09-09,shore,1,11:15,11:15,2.136667,0.049329,2.08,2.17,3,2.083333,1.010363,1.5,3.25,3,0.97,0.459239,0.69,1.5,3,0.1,,,,,,,-71.443709,41.798786
Tongue Pond,Category_2,2025-09-16,shore,1,14:19,14:19,1.6,0.11,1.49,1.71,3,2.166667,0.520416,1.75,2.75,3,1.34,0.228692,1.17,1.6,3,0.1,,,,,,,-71.442269,41.798008
Tongue Pond,Category_2,2025-09-22,shore,1,12:35,12:35,1.7,0.285132,1.42,1.99,3,0.173333,0.127017,0.1,0.32,3,0.326667,0.369369,0.07,0.75,3,0.1,,,,,,,-71.442261,41.797908
Tongue Pond,Category_2,2025-10-02,shore,1,10:50,10:50,2.933333,0.785451,2.1,3.66,3,19.843333,15.812793,2,32.12,3,7.173333,5.889621,0.65,12.1,3,0.1,,,,,,,-71.442047,41.799221
Tongue Pond,Category_2,2025-10-09,shore,1,11:59,11:59,1.193333,0.259294,1.01,1.49,3,0.62,0.259808,0.32,0.77,3,0.51,0.2,0.31,0.71,3,0.1,,,,,,,-71.442281,41.798249
Tongue Pond,Category_2,2025-10-16,shore,1,14:12,14:12,1.11,0.075498,1.04,1.19,3,0.323333,0.225019,0.1,0.55,3,0.283333,0.185562,0.09,0.46,3,0.1,,,,,,,-71.442254,41.797791
Tongue Pond,Category_2,2025-10-23,shore,1,13:56,13:56,1.253333,0.146401,1.12,1.41,3,1.25,0,1.25,1.25,3,1,0.115326,0.88,1.11,3,0.1,,,,,,,-71.442301,41.797805
Tongue Pond,Category_2,2025-10-30,shore,1,12:14,12:14,1.066667,0.231805,0.82,1.28,3,0.173333,0.127017,0.1,0.32,3,0.16,0.115326,0.07,0.29,3,0.1,,,,,,,-71.442272,41.798173
Willow Lake,Category_1,2023-07-31,shore,1,16:44,16:44,5.893333,0.485215,5.4,6.37,3,566.813333,37.537658,537.36,609.08,3,96.283333,2.948242,93.73,99.51,3,0.2,,,,,,,-71.415176,41.785485
Willow Lake,Category_1,2023-08-16,shore,1,12:09,12:09,5.256667,0.510033,4.75,5.77,3,366.7,33.464608,334.5,401.3,3,69.736667,0.591805,69.39,70.42,3,0.5,,,,,,,-71.414796,41.7844
Willow Lake,Category_1,2025-06-20,center,1,11:24,11:24,0.623333,0.085049,0.56,0.72,3,10.326667,0.377536,10,10.74,3,16.786667,2.517565,13.88,18.28,3,1,25.9,,,466.9,6.43,,-71.414824,41.784894
Willow Lake,Category_1,2025-06-27,center,1,11:31,11:31,0.5,0.017321,0.48,0.51,3,6.166667,0.381881,5.75,6.5,3,12.32,0.389744,11.97,12.74,3,0.1,25.5,,,501,4.13,5.15,-71.414564,41.784789
Willow Lake,Category_1,2025-07-02,center,1,11:18,11:18,0.92,0.07,0.85,0.99,3,2.75,0.901388,1.75,3.5,3,2.983333,0.938208,1.9,3.53,3,0.1,27.3,,,508,6.3,4.85,-71.414714,41.784821
Willow Lake,Category_1,2025-07-08,center,1,10:16,10:16,2.51,0.017321,2.5,2.53,3,5.166667,1.842779,3.75,7.25,3,2.053333,0.714516,1.5,2.86,3,0.1,27.9,,,479.2,7.45,5.2,-71.414743,41.784852
Willow Lake,Category_1,2025-07-16,center,1,11:15,11:15,1.046667,0.185831,0.92,1.26,3,13.2,3.069593,10,16.12,3,12.586667,1.607524,10.86,14.04,3,0.1,29.2,,,474.5,7.42,6.12,-71.414575,41.784669
Willow Lake,Category_1,2025-07-25,shore,1,09:50,09:50,1.223333,0.058595,1.18,1.29,3,6.75,2.384848,5.25,9.5,3,5.563333,2.169155,4.06,8.05,3,0.1,26.5,7.87,119,496,8.25,4.9,-71.41485,41.784424
Willow Lake,Category_1,2025-07-30,center,1,11:00,11:00,1.52,0.200749,1.31,1.71,3,8.996667,2.531804,6.75,11.74,3,6.013333,1.883861,3.94,7.62,3,0.1,29.3,8.29,111.4,452.9,9.95,6.15,-71.414821,41.784472
Willow Lake,Category_1,2025-08-04,center,1,10:22,10:22,2.273333,0.041633,2.24,2.32,3,0.323333,0.225019,0.1,0.55,3,0.14,0.1,0.04,0.24,3,0.1,24.7,7.61,117.9,454.1,6.8,4.33,-71.414691,41.784842
Willow Lake,Category_1,2025-08-14,center,1,10:41,10:41,2.106667,0.060277,2.05,2.17,3,12.15,4.120328,8.25,16.46,3,5.783333,2.015746,3.8,7.83,3,0.1,28,8.1,178.5,492.2,7.87,4.04,-71.414565,41.784966
Willow Lake,Category_1,2025-08-20,center,1,10:41,10:41,3.586667,0.644696,3.18,4.33,3,4.583333,1.376893,3.25,6,3,1.403333,0.400042,1,1.8,3,0.1,23.2,7.51,153.8,448.1,7.36,4.46,-71.41466,41.784757
Willow Lake,Category_1,2025-08-27,center,1,11:52,11:52,1.16,0.036056,1.13,1.2,3,3.166667,0.381881,2.75,3.5,3,2.723333,0.289367,2.39,2.91,3,0.1,23.9,8.22,114.2,481.1,8.91,3.2,-71.414721,41.784712
Willow Lake,Category_1,2025-09-05,center,1,11:51,11:51,3.72,0.271846,3.49,4.02,3,5,1.145644,4,6.25,3,1.353333,0.380832,1.09,1.79,3,0.1,23.1,7.94,124.1,455.2,8.46,3.88,-71.414682,41.784677
Willow Lake,Category_1,2025-09-10,center,1,10:55,10:55,1.926667,0.122202,1.82,2.06,3,7.666667,2.184224,5.25,9.5,3,4.023333,1.305922,2.54,5,3,0.1,20.4,7.77,131.3,382.5,8.81,2.59,-71.414703,41.784741
Willow Lake,Category_1,2025-09-19,center,1,11:48,11:48,1.363333,0.075056,1.32,1.45,3,9.58,1.621481,8,11.24,3,7,0.860872,6.06,7.75,3,0.1,21.9,7.77,135,423.7,8.72,6.17,-71.414667,41.78475
Willow Lake,Category_1,2025-09-26,center,1,13:45,13:45,0.586667,0.051316,0.53,0.63,3,16.54,6.450209,11.98,23.92,3,28.076667,10.213101,21.77,39.86,3,0.1,22.1,7.28,137.6,387.1,6.87,7.7,-71.414787,41.784805
Willow Lake,Category_1,2025-10-02,center,1,12:00,12:00,0.886667,0.061101,0.82,0.94,3,24.83,0.759408,24.17,25.66,3,28.07,1.745967,26.85,30.07,3,0.1,18.6,7.49,100.9,433.6,8.1,6.51,-71.414423,41.784577
Willow Lake,Category_1,2025-10-10,center,1,13:48,13:48,2.02,0.209523,1.84,2.25,3,14.306667,2.11486,12.73,16.71,3,7.176667,1.665003,5.99,9.08,3,0.1,17.9,8.06,150.2,410.5,9.96,6.58,-71.414275,41.784324
Willow Lake,Category_1,2025-10-15,center,1,10:17,10:17,0.626667,0.023094,0.6,0.64,3,9.5,0.433013,9,9.75,3,15.18,1.095856,14.06,16.25,3,0.1,15.2,7.35,138.8,328.7,7.78,4.46,-71.414682,41.784765
Willow Lake,Category_1,2025-10-23,center,1,10:15,10:15,0.84,0.034641,0.8,0.86,3,10.736667,3.865907,7,14.72,3,12.906667,5.172372,8.13,18.4,3,0.1,14.6,7.41,143.7,385,8.49,2.75,-71.414742,41.784834
Willow Lake,Category_1,2025-10-29,center,1,14:40,14:40,0.363333,0.032146,0.34,0.4,3,18.613333,4.028701,13.97,21.18,3,51.103333,9.729668,41.08,60.51,3,0.1,11.8,7.55,135.7,421.3,9.92,2.41,-71.414714,41.784757
